data/win-known/aapmozbqzsafjqpr.11.x;1
data/win-known/aaquedqqhlzpzxei.1.x;8
data/win-known/aarxkfrattlrsxwo.7.x;5
data/win-known/aavqgcencovrkern.2.x;0
data/win-known/abhcggtwkouyqyim.8.x;14
data/win-known/abtkasgauinchwit.11.x;1
data/win-known/abtmsqgxzzttusxj.12.x;0
data/win-known/abvvwepgjtvakfoq.9.x;0
data/win-known/acqhsebswzpjtgdx.6.x;0
data/win-known/aecufehsxmrhrziy.1.x;8
data/win-known/afiiwooytaflfybu.12.x;0
data/win-known/afmjzifmzlzgxxnd.9.x;0
data/win-known/afxqpsqzxwsjxjef.1.x;8
data/win-known/afzxwnjtaxppwqon.5.x;0
data/win-known/agkcejzvhmajykze.7.x;5
data/win-known/agkvqsftbjhivkwt.7.x;5
data/win-known/agmzgczkhttzyywn.1.x;2
data/win-known/agozcjyhzaicdgib.12.x;0
data/win-known/ahgjonkyssqcxwmk.5.x;0
data/win-known/ahpflwilnmgbnlud.9.x;0
data/win-known/ahrczcxjrrtyhsjt.2.x;0
data/win-known/aidkeuqmnsjzlnps.7.x;5
data/win-known/airstdaafigltouu.6.x;0
data/win-known/ajwfkjbcrwxyeaon.8.x;14
data/win-known/ajzxpoqdaiybwmcp.9.x;0
data/win-known/akizohhixvcjsaep.12.x;0
data/win-known/akrnmaaqbyjraskz.1.x;8
data/win-known/almazhcmkdxmqqdn.1.x;8
data/win-known/alufqqtqlfbxiabh.12.x;0
data/win-known/amqeinpymxmacfuv.6.x;0
data/win-known/amxlzpvfptfpuiln.1.x;8
data/win-known/anfwdlzlpppwnmji.9.x;0
data/win-known/aojbjfvuvphunsco.12.x;0
data/win-known/aoyhtcufvxuimsrb.12.x;0
data/win-known/apseowaziedbyyef.9.x;0
data/win-known/apyhrrrobnkapuye.6.x;0
data/win-known/aqmccfcvsxlydrec.10.x;3
data/win-known/aqspbthkkbfmhxuv.1.x;8
data/win-known/aqxdxrythtanlcqm.9.x;0
data/win-known/arjcnpslfadribxl.12.x;0
data/win-known/askoyyslblpqpoey.9.x;0
data/win-known/asqryxbtufwewhcv.1.x;8
data/win-known/asyvjgzpanzewsnh.6.x;0
data/win-known/ateiykiabmfhsubq.1.x;8
data/win-known/atkagisrfsgkzrfu.12.x;0
data/win-known/aubggddvcudaepoc.9.x;0
data/win-known/aucznmbzsloycyjx.10.x;3
data/win-known/auwqikoicupftqmp.1.x;8
data/win-known/auzjgzvbzakylzyk.1.x;8
data/win-known/avmuqurwripyaakg.9.x;0
data/win-known/avqofzakqgnqmzoa.9.x;0
data/win-known/awciodrlsuwtwhnn.9.x;0
data/win-known/awdakvdaenihpcld.7.x;5
data/win-known/awkaujfbvaeqicjk.1.x;8
data/win-known/awkqxzyrjrdesvqd.1.x;8
data/win-known/axbahykatdqeyhgv.8.x;14
data/win-known/axcdhmufdadgqmpt.10.x;3
data/win-known/axmqtddutymqtixo.11.x;1
data/win-known/azxiceguwfqkymcl.2.x;0
data/win-known/baebiqipclgwauim.6.x;0
data/win-known/bakklnhbgwxcdzio.9.x;0
data/win-known/baxoukycfuportxh.6.x;0
data/win-known/baybnaijqbhxmyxz.7.x;5
data/win-known/bbklyftwsjlwcrnw.1.x;8
data/win-known/bbnsjpphdkfnxdrn.9.x;0
data/win-known/bbokxkddtcwgcnzg.6.x;0
data/win-known/bbwwzqsjdiweibrv.7.x;5
data/win-known/bbyrkqqxaeejtayj.10.x;3
data/win-known/bcimysgojfbaspuo.6.x;0
data/win-known/bcljajutogiwgsti.7.x;12
data/win-known/bdtvfirpxoapzpxr.6.x;0
data/win-known/bdziiefadpaiqctx.7.x;5
data/win-known/behbxulowrjwvulb.1.x;8
data/win-known/belrfknukgxpavqu.7.x;5
data/win-known/bevbqmhszcnqsdmx.9.x;0
data/win-known/bfcjitespwjpncau.9.x;0
data/win-known/bftaaslvasixwmlm.6.x;0
data/win-known/bfxcspeylfdlvgjv.1.x;8
data/win-known/bfzfqjcrfwbaszkf.12.x;0
data/win-known/bgbvpcfmpyrivpuv.9.x;0
data/win-known/bgvbtepobwjdbgjs.10.x;3
data/win-known/bhjzfevhjihvqhhc.12.x;0
data/win-known/bhwkutnuyeksobnk.1.x;8
data/win-known/bjhbqghrlhfsccus.1.x;8
data/win-known/bjloyqalqhefcoir.10.x;3
data/win-known/bjnphkrlupoyvocf.2.x;0
data/win-known/bjrueojbeeivwycn.3.x;0
data/win-known/bjsitejyltlscvis.9.x;0
data/win-known/bjtfmtdybminchgm.11.x;1
data/win-known/bkytafjkbpxzawxu.1.x;8
data/win-known/blamolqtecdkgrea.1.x;8
data/win-known/blgzmuqdtoxyeejv.1.x;8
data/win-known/blqkubqhawraaspy.9.x;0
data/win-known/blwgemrgcobjpfqa.7.x;5
data/win-known/bmalwqmfjznfnnfj.9.x;0
data/win-known/bmijzqekwnlwtpal.2.x;0
data/win-known/bmpwzszgsdftdgvc.1.x;6
data/win-known/bmqrtcipqgworvrt.9.x;0
data/win-known/bmsvdbstxapxktic.7.x;5
data/win-known/bnjpwqvlnneypnrr.4.x;0
data/win-known/bnsyeckverhrncml.9.x;0
data/win-known/bojjurniktndbkap.4.x;0
data/win-known/bougajhodaronluv.7.x;5
data/win-known/bpcrtrurckqhezar.9.x;0
data/win-known/bpqmjyefwbgtkcoq.10.x;3
data/win-known/bpubdzxliqerdifu.1.x;8
data/win-known/bpxpdyqidojjdbng.9.x;0
data/win-known/bqopbdqryvphnvyk.6.x;0
data/win-known/brbyogahlcdaujbh.1.x;8
data/win-known/brnxlrnzfjtrejbp.12.x;0
data/win-known/bsjsrrnoglkhbydl.10.x;3
data/win-known/bszmcewxxvrgqbuu.1.x;8
data/win-known/btqhzyjbwxzxdioc.9.x;0
data/win-known/buweqstrcghezcca.1.x;8
data/win-known/bvltfvqjryacyopv.6.x;0
data/win-known/bwiewtzzwxulhlru.1.x;8
data/win-known/bwxxwlurnsboshfp.6.x;0
data/win-known/bxgusxwnpmegcejq.9.x;0
data/win-known/bxlmfobrjfrjsewe.6.x;0
data/win-known/bxnlkmosozpnapol.1.x;8
data/win-known/bytqolwauwmzjzct.9.x;0
data/win-known/bzonzssxctzelmez.6.x;0
data/win-known/bzveuvywutwbokvr.11.x;17
data/win-known/cakhjfzcpsgtwyyf.6.x;0
data/win-known/caxfqinrlbxobnwn.9.x;0
data/win-known/caycrsiqbhgmnart.1.x;8
data/win-known/caygtlktykvkvrpy.9.x;0
data/win-known/cbdvpluiwtslmpuj.9.x;0
data/win-known/cccwhjvnhmhqyhud.6.x;0
data/win-known/cclkuvcmfworebuo.9.x;0
data/win-known/ccvpzgwvdrfmokoh.1.x;8
data/win-known/cdanjpjptpzdnqhu.12.x;0
data/win-known/cdikrauxmviesvoa.10.x;3
data/win-known/cdsjffblmwfkvycn.6.x;0
data/win-known/cefboemsybcsilgx.6.x;0
data/win-known/ceygpznehfvjtugg.9.x;0
data/win-known/cgtnhoblnvhvohtr.9.x;0
data/win-known/cgwjmraenwdhcmyo.8.x;14
data/win-known/cgzuwflmnpmhrldt.3.x;0
data/win-known/cheogdhqtbrvabjc.7.x;5
data/win-known/cizvuubfqwlqjapg.7.x;5
data/win-known/ckvwkdxhisvrrygv.2.x;6
data/win-known/clhmaavhsiziwvcs.7.x;5
data/win-known/clmdhlbspfxfmztz.2.x;0
data/win-known/clqzlwwxrhoocien.7.x;5
data/win-known/cmhyxthpgspqqlks.9.x;0
data/win-known/cmyumtnkhncvaswm.6.x;0
data/win-known/cnkkuedvbuvrfgqi.11.x;1
data/win-known/cotqlsdjiwjwxvcv.7.x;5
data/win-known/cowwftgqplradtsm.9.x;0
data/win-known/cpcaxjxsqsvyxgis.6.x;0
data/win-known/cpegxmzhlshcyufn.6.x;0
data/win-known/cqnxujfvzomornqm.9.x;0
data/win-known/cqrffcocvzipvzjm.6.x;0
data/win-known/cqvrxayqfwmgtgxl.6.x;0
data/win-known/crjtwdenyknxhlfn.1.x;8
data/win-known/crptcpyvmlplrgak.10.x;3
data/win-known/crwvengkwfqimyxu.1.x;8
data/win-known/csduuxgvvgzaated.4.x;13
data/win-known/cskylxmuxutlerqk.1.x;8
data/win-known/csphbqeuocxngmnr.9.x;0
data/win-known/cszqafxlpvtoxubx.3.x;0
data/win-known/ctuzdjmivkntdpip.6.x;0
data/win-known/ctwsfwksmtbfmayl.9.x;0
data/win-known/cugeaangqqgufizu.1.x;8
data/win-known/cumtffyhvtryqmcq.11.x;1
data/win-known/cunhdzincnxijsjh.6.x;0
data/win-known/curdkpzoycgyvcxn.12.x;0
data/win-known/cutxfnrdfgpdgrey.11.x;1
data/win-known/cveqswgbclwahbsj.4.x;0
data/win-known/cvubqgxcdrfjiuok.3.x;0
data/win-known/cwifldbsnaremcsa.1.x;8
data/win-known/cwphyybgypiknlox.3.x;0
data/win-known/cxviwtasoxbbfsep.6.x;0
data/win-known/cyldmimhhxqjwfgy.3.x;0
data/win-known/cyrxqgirbqyxmxhi.7.x;5
data/win-known/czcumhlqbhmejnsf.6.x;0
data/win-known/czkzfxujnmcjcxcj.6.x;0
data/win-known/czqzavanjywxhfez.1.x;8
data/win-known/cztqobjvabviuqfh.12.x;0
data/win-known/dabmkckumzrqzbjb.12.x;0
data/win-known/daoerenkzafmwwvp.9.x;0
data/win-known/daokgviqnfsarzhu.5.x;0
data/win-known/dbrfsmwpegqrcpep.1.x;8
data/win-known/dbtmvwupttaakbwz.1.x;8
data/win-known/dcdvsynrbcufmjbs.1.x;8
data/win-known/dchnuuwewmlnafby.9.x;0
data/win-known/dczedhzzkdntinkq.9.x;0
data/win-known/ddabtwxmhqntennd.7.x;5
data/win-known/ddbqkqzwmpkctuxc.9.x;0
data/win-known/dduzfppyocwairiz.12.x;0
data/win-known/ddxxivkyelvawrio.6.x;0
data/win-known/deczzsmbxlrsudfm.12.x;0
data/win-known/dezwhoylujhlhjik.6.x;0
data/win-known/dfkuiqsqoxicqwwu.9.x;0
data/win-known/dfszeqnzmnypdoex.4.x;0
data/win-known/dgojjvesknarqhyd.1.x;8
data/win-known/dgsflrecwxkntlwj.1.x;8
data/win-known/dgsvfcptofubkqgs.7.x;5
data/win-known/dhsbpildehgauynn.6.x;0
data/win-known/dhsvllmcubthpwdl.10.x;3
data/win-known/dhvqizhjfenblmxw.3.x;0
data/win-known/dhxyjfviajwvuoty.6.x;0
data/win-known/diqflgpotumulppv.9.x;0
data/win-known/diragfjfjsnroodh.6.x;0
data/win-known/djjfvksapgppaecx.9.x;0
data/win-known/djtssksdwozxzjpb.2.x;0
data/win-known/dkavgjaezwhlmqpz.8.x;14
data/win-known/dkfukqczqeogxook.3.x;0
data/win-known/dklvwiaypbiukjiw.9.x;0
data/win-known/dlizufoxhztmtbtm.5.x;0
data/win-known/dlnodiljvxqrcilr.1.x;8
data/win-known/dmjgdjuvdhlvrdmp.7.x;5
data/win-known/dmmyfmzqypceqjxj.7.x;5
data/win-known/dndrvnetoxqaptbc.9.x;0
data/win-known/dnqqpbniqyatqlvx.7.x;5
data/win-known/dntjhzvtdnpconur.11.x;1
data/win-known/doapwrpsjhtrtexg.9.x;0
data/win-known/dogytwkkdohmqxsk.9.x;0
data/win-known/doiktjkdrmsonrxc.9.x;0
data/win-known/doosfxdykhtdcihg.9.x;0
data/win-known/dpgrovvhsinyjihd.9.x;0
data/win-known/dpigapqownbgzvfj.12.x;0
data/win-known/dpjnhrxiehxgizaw.7.x;5
data/win-known/dplajnigsokiesjo.8.x;14
data/win-known/dqmmoywxykhkspac.12.x;0
data/win-known/dqpzotckdykfjgnj.6.x;0
data/win-known/dqtwkcemphsigwzz.1.x;8
data/win-known/drzfebzuywlrlanj.7.x;5
data/win-known/dsqqdgxbzatlmuev.8.x;14
data/win-known/duoxnygiihplpglp.1.x;8
data/win-known/dwffibywnayrtqns.9.x;0
data/win-known/dwowbjxvcegstlig.3.x;0
data/win-known/dxefukminspwapfb.12.x;0
data/win-known/dxixoxejjkjrgwsj.1.x;8
data/win-known/dxvkjywcbjtnfcit.9.x;0
data/win-known/dyeaurbxwdwfqkbp.6.x;0
data/win-known/dymgonzifixiwqta.6.x;0
data/win-known/dyulqbfptgvbbimn.1.x;8
data/win-known/dyxyyjxfozumhcmq.10.x;3
data/win-known/dzbynhyeihofnmrc.2.x;0
data/win-known/dzebslyyhzcczwjw.9.x;0
data/win-known/dzhzanrxxmoutqwp.7.x;5
data/win-known/dziembrpxlpiqatd.1.x;8
data/win-known/dznyteayxepydpib.11.x;1
data/win-known/dzocghubnidfbatd.12.x;0
data/win-known/eaabpkrizooqozlp.8.x;14
data/win-known/ealpqtoopziyvioq.6.x;0
data/win-known/eapmpgzqwbgxzkve.11.x;4
data/win-known/ebrnfbtsitzovpki.12.x;0
data/win-known/ebtksvaowllldedd.7.x;5
data/win-known/ebufaewvbhcagvdq.1.x;8
data/win-known/ebxgvyfzgvzirgaq.8.x;14
data/win-known/ecejqkveqfmfaksy.1.x;8
data/win-known/eckgykigbvtjasgz.3.x;0
data/win-known/edcmgxabgwzbxslv.1.x;8
data/win-known/edlbemmbnutxskxf.9.x;0
data/win-known/edoxlbmxeivkbvmt.12.x;0
data/win-known/edtktsjvvwysdpkb.12.x;0
data/win-known/edtzynwhtrwuyamu.9.x;0
data/win-known/eelqmhnvwfotzhhr.9.x;0
data/win-known/eeqfnovuukizcuze.9.x;0
data/win-known/efofoxsiytfmcsqy.9.x;0
data/win-known/efozezoqresffuxj.12.x;0
data/win-known/egaqzdqxksijzdyj.6.x;0
data/win-known/eguunwcbxpfvvjyk.9.x;0
data/win-known/ehbdcwutcsvqbopi.2.x;0
data/win-known/ehfvuodyamrgampi.12.x;0
data/win-known/ehiukszdvcgfqdug.1.x;8
data/win-known/ehncolclqhznpqee.1.x;8
data/win-known/ehqveighpjsapnck.1.x;8
data/win-known/eidsskdrexbyvvmx.9.x;0
data/win-known/eieehhgvacfuntgo.8.x;14
data/win-known/eifgskwqylsxrhgg.7.x;5
data/win-known/eixetqeeousttxhv.9.x;0
data/win-known/ejpjgjawquxfnzth.1.x;8
data/win-known/ejtfqzgzvxwxyowl.6.x;0
data/win-known/elunglstqzsvugrr.10.x;3
data/win-known/elzyjwiodtmqgxqj.9.x;0
data/win-known/emctjamlhuvdnwee.1.x;8
data/win-known/emmedarfihxzcthp.1.x;8
data/win-known/emphvcaskfhhnmfn.1.x;8
data/win-known/enevjibpyrztptjb.7.x;5
data/win-known/eniexrresnlrareo.7.x;5
data/win-known/enitbaxbeytoyhaw.9.x;0
data/win-known/enokudqvjxbeogyu.11.x;1
data/win-known/enpikbfbfoejfmfv.1.x;8
data/win-known/enqhkptheoxqljot.2.x;0
data/win-known/eobokvofcrzvczfq.9.x;0
data/win-known/eomujzxxbtfnoctr.1.x;8
data/win-known/eoocjqkeopqnhtdb.9.x;0
data/win-known/eottyzlcotrlbpet.10.x;3
data/win-known/epbdujxsyybbnndc.10.x;3
data/win-known/epdhbqyjjqwhwdre.1.x;8
data/win-known/eqcozxrhqlkmqsat.1.x;8
data/win-known/erktygmfuzwkelsk.1.x;8
data/win-known/erzcxptllauphckj.11.x;1
data/win-known/espsdskkjaqlswij.9.x;0
data/win-known/essabhrgaufhqfam.7.x;5
data/win-known/eszlcxuiwhtiynqe.10.x;3
data/win-known/etfzjrhtzcpbbqwt.2.x;0
data/win-known/etlfqtsbshwxgiya.1.x;8
data/win-known/eulcggcpocdbpxil.1.x;8
data/win-known/eurrrottvxovprdr.10.x;3
data/win-known/euvqgnnnomcdtsgf.3.x;0
data/win-known/evanelagnvwwoknd.1.x;8
data/win-known/evhgqlkromeyqzma.7.x;5
data/win-known/eviabftelbklddco.10.x;3
data/win-known/evmllmoftxbkgbso.7.x;5
data/win-known/evrnnzurdelylyeq.6.x;0
data/win-known/evzgbauwbggblfvb.10.x;3
data/win-known/ewfwyklyiyiqcpng.7.x;5
data/win-known/ewyesoarpmyjcgzg.9.x;0
data/win-known/exaytciuwbzctfec.1.x;8
data/win-known/eyinstizcpoyhxlw.9.x;0
data/win-known/eyjmzfvmzapybcsj.7.x;5
data/win-known/eymeyboainbqjdez.9.x;0
data/win-known/eyvhmjbvhujuxqwt.12.x;0
data/win-known/ezavfiwurvrvouch.7.x;5
data/win-known/ezrfwnqkixdamcjd.7.x;12
data/win-known/fabexehlcxsbpkbg.9.x;0
data/win-known/fanqzinauqjclbld.9.x;0
data/win-known/faqwjzhqipfxrqbh.11.x;1
data/win-known/fbpodibedktybtxz.1.x;8
data/win-known/fbrlnazsjwwpcddl.9.x;0
data/win-known/fcieoleopdgykguz.9.x;0
data/win-known/fcknjayxdfkzjadf.8.x;14
data/win-known/fdvtjrwfdjmjjjdi.10.x;3
data/win-known/fdyxxrtakivfxgdf.11.x;1
data/win-known/ffiyizhjcleipdgq.7.x;5
data/win-known/fgkuxjzwilokioqj.10.x;3
data/win-known/fgnyerdfbcusoajd.7.x;5
data/win-known/filbekryzxxjvuqh.6.x;0
data/win-known/fjdovvzprwbhtvpc.9.x;0
data/win-known/fjscakdtchwcgxdr.6.x;0
data/win-known/flkntqxrqkaupymb.9.x;0
data/win-known/flsjbzhfdcisisyd.6.x;0
data/win-known/flyfmsvicvvxgqkc.7.x;5
data/win-known/fnalyzrkjkthoaxo.12.x;0
data/win-known/fnfysnppzcnljqnc.11.x;1
data/win-known/fngsbeceilmyuoql.3.x;0
data/win-known/fnlanermnygxwspz.10.x;3
data/win-known/fnnojcsiwukhyhaa.12.x;0
data/win-known/fnvkjdwugckrpeux.7.x;5
data/win-known/foruvbfttlwsedvn.9.x;0
data/win-known/fosudhjeokzwgyju.11.x;1
data/win-known/foycdsremjenwpaf.6.x;0
data/win-known/fpcvtzjxmezicbwv.8.x;14
data/win-known/fptlxypbhpqmygtu.6.x;0
data/win-known/fpymyaklakdvkntz.1.x;8
data/win-known/fqblgmihvkpbkxze.11.x;1
data/win-known/fqtkykopeyybatwu.1.x;8
data/win-known/fqygpkvyhjwpevje.7.x;5
data/win-known/frgogewiwxsrwrbm.6.x;0
data/win-known/frlqlhrodwoqauyc.6.x;0
data/win-known/frrmwnkhpowyftxa.10.x;3
data/win-known/frsgyvajrvqrkbaq.12.x;0
data/win-known/fshbniehgkhucahc.6.x;0
data/win-known/fsqlkxsuhiiztsky.9.x;0
data/win-known/fstrsxplucnjkyfu.3.x;0
data/win-known/fswxwtxkgqkyzqni.5.x;0
data/win-known/ftltgxyygnvjttkj.10.x;3
data/win-known/fuwceysqqjrjyufp.4.x;0
data/win-known/fwoyjqtnfwbkojrd.6.x;0
data/win-known/fxlijflwpbvuqjpf.10.x;3
data/win-known/fyeritlbqddwcyel.1.x;8
data/win-known/fzjukpluhqxjaeop.1.x;8
data/win-known/fzrkomhtfzlhfbra.7.x;5
data/win-known/gakcoyeygywlsqas.5.x;0
data/win-known/gbtrsvbwhcidhybi.3.x;0
data/win-known/gcfhogpyoikylkjv.1.x;8
data/win-known/gcnkmuknwrfjqhvb.9.x;0
data/win-known/gcojngjqgqrtuhjd.12.x;0
data/win-known/gdxyxwagamgkcjke.5.x;0
data/win-known/gearcyuvpyuafnfr.7.x;5
data/win-known/gehhzxrkbqaubvfr.9.x;0
data/win-known/gepigphbyyrrhahi.8.x;14
data/win-known/gerikzumrxkfxgxd.1.x;8
data/win-known/geuuxphirsvmnkdm.6.x;0
data/win-known/gfnuztnrhwyotfmb.11.x;1
data/win-known/gfnzwsvbxnmkkrag.1.x;8
data/win-known/ggljlglhayytkqbv.12.x;0
data/win-known/ghgtwxnebzpalxkc.1.x;8
data/win-known/giazduksrfyzvxxz.3.x;0
data/win-known/gidwowobsmvurdnc.7.x;5
data/win-known/giucvrccumabhpsl.10.x;3
data/win-known/gjimclckkjkwbzzv.9.x;0
data/win-known/gjmglzyxixskvojg.5.x;0
data/win-known/gjwcdcfqainimcvr.8.x;14
data/win-known/gjyyyqlzoqcjxdol.8.x;14
data/win-known/gkegqgseubdtnuxr.7.x;12
data/win-known/glddzxcsbyimynpf.12.x;0
data/win-known/gmaldctwlambvfpt.3.x;0
data/win-known/gmdurwzcozlyhncw.11.x;1
data/win-known/gmhajvnbvsrzuodb.12.x;0
data/win-known/gmhzziljzkuvubnp.11.x;1
data/win-known/gmypnyvjcfatnuub.3.x;0
data/win-known/gokqpipqxixvviaj.11.x;1
data/win-known/golvqwqiuuscoves.8.x;14
data/win-known/gpmrwlvqhgrcpahs.7.x;5
data/win-known/gprbhykbtfqjuhcb.12.x;0
data/win-known/gqalwzxwbzzzbmeo.6.x;0
data/win-known/gqcyiiqcnnrqrnoy.11.x;1
data/win-known/gqrxjfbbuwqljsno.7.x;5
data/win-known/gqwlczvrhfbpfdyi.9.x;0
data/win-known/gslswmvvmorxtdna.11.x;1
data/win-known/gspqffckjsklvvff.6.x;0
data/win-known/gsqnjamejtpssnww.1.x;8
data/win-known/gtsnqffjsgclrbkn.7.x;5
data/win-known/gtzvfryxyxonqidy.2.x;0
data/win-known/gugpqpwhssurgitj.8.x;14
data/win-known/gunkqvwpoilhzzbo.6.x;0
data/win-known/guubcxmpupotirgn.10.x;3
data/win-known/guufxxvyzmbmmcgp.9.x;0
data/win-known/gvdchruynogygydx.1.x;8
data/win-known/gvneqtbqtsrdgtzh.6.x;0
data/win-known/gvowmidfhdfdvejk.9.x;0
data/win-known/gvqxvmtrndliotag.1.x;8
data/win-known/gwnnbiwtbgzkwzui.12.x;0
data/win-known/gwpcvhxarcqzjzql.9.x;0
data/win-known/gxccrhazzjotpjed.10.x;3
data/win-known/gxtjpzdlqzpwevvm.9.x;0
data/win-known/gxtwsoohhfozhnwi.10.x;3
data/win-known/gyatwwnwqlxfpzny.1.x;8
data/win-known/gydhrqtzgkjibtsj.1.x;8
data/win-known/gyjriizwvqdkxudj.12.x;0
data/win-known/gzvjvzhxfqmbokxw.12.x;0
data/win-known/gzyxaoctlxdedoje.9.x;0
data/win-known/hahhajrgzivbofwj.1.x;8
data/win-known/harkdpkjibagmogu.9.x;0
data/win-known/hawoitcxpajzduos.10.x;3
data/win-known/hbkwueuslioenqwt.9.x;0
data/win-known/hbzdtkatdmvcozrv.9.x;0
data/win-known/hchkfhgcwidnuipy.1.x;8
data/win-known/hcirexqehmkcqeqc.12.x;0
data/win-known/hcrrwpmkhjcwrivt.8.x;14
data/win-known/hczyiermzkvzwckb.1.x;8
data/win-known/hdfqukprsjfpjnha.10.x;3
data/win-known/hdortoxwmqgjzpte.10.x;3
data/win-known/hdrwnqpvgvadwuyj.10.x;3
data/win-known/hdsoeyvljhbsqbbc.6.x;0
data/win-known/heoiiukixuuhyehn.10.x;3
data/win-known/hezelroiobnghbfx.10.x;3
data/win-known/heznqvhmqrknjtnf.5.x;0
data/win-known/hfenfsqldvyslkad.9.x;0
data/win-known/hferexordqsixiiq.10.x;3
data/win-known/hfmklgtnpohdonxl.1.x;8
data/win-known/hgyarrxmlhacjopx.1.x;8
data/win-known/hhdjihgzuygjecoq.9.x;0
data/win-known/hhngdifplpjrqigv.8.x;14
data/win-known/hhrjweyhbziwalgg.11.x;1
data/win-known/hhsylkcwkxgnximv.10.x;3
data/win-known/hivviekpzggaxvpa.7.x;5
data/win-known/hjhyxccmwwnkwdpb.8.x;14
data/win-known/hjrgmorvcehziaxv.11.x;1
data/win-known/hjtkjrqdvyvmzmka.10.x;3
data/win-known/hkqnwnjtgamqtfgk.12.x;0
data/win-known/hlufchyjzwnuwzac.7.x;5
data/win-known/hlwlftcsyijhcbhh.7.x;5
data/win-known/hmeqsdarrqvxtwye.11.x;1
data/win-known/hmgkwdndrehzlyqf.1.x;8
data/win-known/hmmqjtydwzwxhskh.2.x;0
data/win-known/hmnqeauiaqtnyhsc.10.x;3
data/win-known/hmrestdwjaykvwhk.12.x;0
data/win-known/hmzjzdgtlwvlngmt.1.x;8
data/win-known/hnfvnmusffesztwh.1.x;8
data/win-known/hnourciolghovctg.1.x;8
data/win-known/hodohqfmltcimfye.9.x;0
data/win-known/hpdqieqpityfzgjm.12.x;0
data/win-known/hpiehanpxcbfmgkl.5.x;0
data/win-known/hpkojhoxkzpntqnj.9.x;0
data/win-known/hppejmpwjjczwdpt.9.x;0
data/win-known/hptnehiksepajltv.1.x;8
data/win-known/hptuzrzddwkbxlno.12.x;0
data/win-known/hqafdvxhddirxyrh.7.x;5
data/win-known/hqftejtvvmuyoomu.12.x;0
data/win-known/hrvfzfuwerrqzglf.12.x;0
data/win-known/hschiaxvlvjonwff.11.x;1
data/win-known/hskqsozujgbknstq.7.x;5
data/win-known/hsmelihfxsmbmtjz.3.x;0
data/win-known/hsmxjeslkxldptwi.6.x;0
data/win-known/htdpkvhxswhtwmnz.6.x;0
data/win-known/htigpjougosqaeqk.8.x;14
data/win-known/hududhpfvrcjbrfl.3.x;0
data/win-known/huekuvedwvbxqtmo.12.x;0
data/win-known/hufyrojygyymgttx.6.x;0
data/win-known/hugzouxlngcezrzp.10.x;3
data/win-known/humsifpadarbushe.9.x;0
data/win-known/huskyqolemsogtbx.9.x;0
data/win-known/huzpzyjocwycmitb.9.x;0
data/win-known/hvdxskbgxzutnsqv.9.x;0
data/win-known/hvhcpxpyqgarxjxa.6.x;0
data/win-known/hvlthvzoqqctsmzx.9.x;0
data/win-known/hvzytcynjihqjcni.7.x;5
data/win-known/hweknxpaetkxmvlw.8.x;14
data/win-known/hwuwispwczrzhaad.12.x;0
data/win-known/hwwqcgthxsajmchn.10.x;3
data/win-known/hxlouxqthnryyinj.1.x;8
data/win-known/hxmvwwgtkhnbrjgv.1.x;8
data/win-known/hxnrzpnwkvbwuqdy.9.x;0
data/win-known/hxocgscjukkitmxp.7.x;5
data/win-known/hydzgmcnneqeqhhi.6.x;0
data/win-known/hyhjzjiygqgxtdac.9.x;0
data/win-known/hyrzajufrojbjndf.9.x;0
data/win-known/iagkrtgubpcxmejl.6.x;0
data/win-known/iaisgstrincyjcre.1.x;8
data/win-known/iaprldwpuvzladfd.5.x;0
data/win-known/ibbmgzpcsbqkxwiq.9.x;0
data/win-known/ibgbbksreffgbraa.7.x;5
data/win-known/icciuhnasvswerss.10.x;3
data/win-known/icjioqefhwkcyilc.8.x;14
data/win-known/idwukkdorqexjyab.10.x;3
data/win-known/idybdikvyopyyvtg.1.x;8
data/win-known/iecnmncxspkoarkc.11.x;1
data/win-known/iedmxqzvksfjnsmq.3.x;0
data/win-known/ielfnmnaadpcdbuw.9.x;0
data/win-known/ierndqqtiksypgkp.1.x;8
data/win-known/ieyhkqdtwzxwbvra.10.x;3
data/win-known/ifaragkavjbtxolf.9.x;0
data/win-known/ifllhkfrbemqqvrg.9.x;0
data/win-known/ifqbjyplpjpccrbk.10.x;3
data/win-known/ifukcycuiyqxflco.7.x;5
data/win-known/ighavizjfalpjhwk.9.x;0
data/win-known/igzhqpxmgqlnweqp.8.x;14
data/win-known/ihfcpakjoaqfzjjn.9.x;0
data/win-known/ihhwomtfgvscihwk.1.x;8
data/win-known/ihxvacqhohjskzfa.8.x;14
data/win-known/iibogdzwfeiinrjf.2.x;0
data/win-known/iibzltrrktktsssw.12.x;0
data/win-known/iiincpouwuvcdqlt.8.x;14
data/win-known/iinwojhruntjcikd.9.x;0
data/win-known/iipxnjyygacckgsp.2.x;0
data/win-known/iitqtqwemlayttfl.1.x;2
data/win-known/ijbvyiejkugyurhj.5.x;0
data/win-known/ikhinckvptezctat.7.x;5
data/win-known/ikttgudaaxkwnxcf.8.x;14
data/win-known/ilcpkdfdudhimnsv.1.x;8
data/win-known/ilgyaedluhkdqnmm.12.x;0
data/win-known/ilityurbcflxhjzt.1.x;8
data/win-known/imdqsxzmmhrjnedg.9.x;0
data/win-known/imeovncndapsgxoi.10.x;3
data/win-known/imnhjvjkperlfwjv.1.x;8
data/win-known/inbybiuvcramoeos.12.x;0
data/win-known/inobgpbjzqjtmqsc.5.x;0
data/win-known/inocaiiukxhnuzmu.4.x;16
data/win-known/invnddxwddodkjbh.9.x;0
data/win-known/inylznejdwnwcgco.12.x;0
data/win-known/iosqlquuamrqutsa.9.x;0
data/win-known/ipacxczzpzygpxwy.8.x;14
data/win-known/ipqrxjxnjcfyplqm.9.x;0
data/win-known/iptfhrhnpsshqzvf.5.x;0
data/win-known/iqawcwvzspxvqwme.8.x;14
data/win-known/iqgovvfsueggefns.1.x;8
data/win-known/iqjqlipjsmsnynim.9.x;0
data/win-known/iqnkfniocuhqhcij.9.x;0
data/win-known/iqylgjqyihlcxccb.9.x;0
data/win-known/irepnyljcakiaxai.8.x;14
data/win-known/iszefuiuyspnygwr.1.x;8
data/win-known/itbjqrtiewzqfoia.7.x;5
data/win-known/itbvudrkstieziqb.1.x;8
data/win-known/itdynkrvslazryhr.7.x;5
data/win-known/itikmkcpcstuumhb.9.x;0
data/win-known/itkfyvmicrbzvfva.10.x;3
data/win-known/itmvwplwhorvhlqe.12.x;0
data/win-known/iucetxkkichnnerr.6.x;0
data/win-known/iuobwpqgsgixhryv.12.x;0
data/win-known/iuouivcndrgxrsdf.1.x;8
data/win-known/iuzejzjhlyinbkog.11.x;1
data/win-known/ivmyflfqwdeplbsj.8.x;14
data/win-known/ivqswcmciztctntv.10.x;3
data/win-known/iwbmvftdezqqugor.1.x;8
data/win-known/iwmkkuhxdhlygqke.2.x;0
data/win-known/iwwfucjbqfefeuhi.10.x;3
data/win-known/iwzuvabqoinbuygg.10.x;3
data/win-known/ixzjceuqqqasyomr.6.x;0
data/win-known/iyabepqpxfpcsgwz.6.x;0
data/win-known/iydomuloribxbcuz.4.x;0
data/win-known/iywktyoqonbrzneb.6.x;0
data/win-known/izuyjkzoxstsoorp.10.x;3
data/win-known/izvfbvdcksjvvapm.9.x;0
data/win-known/jbghkzxgsxaqnzvm.2.x;0
data/win-known/jbozrxxajfoxojix.6.x;0
data/win-known/jbyfyufnyxjyijis.10.x;3
data/win-known/jccfukpdhokexcnf.7.x;5
data/win-known/jcgjdktpiztregqf.1.x;8
data/win-known/jcynkjpqmbpazqlz.12.x;0
data/win-known/jdkxhitljkwffdcm.8.x;14
data/win-known/jeahincvhbaorwpp.9.x;0
data/win-known/jfcweccvlkaeadcf.4.x;0
data/win-known/jfxarobracaqzfbi.7.x;5
data/win-known/jgjpedvngqodlvuw.6.x;0
data/win-known/jhznraapwudibwtz.9.x;0
data/win-known/jiegivvycdukjxfj.1.x;8
data/win-known/jitrsxmoozfhnejc.12.x;0
data/win-known/jjbtgozllozsqwbn.1.x;8
data/win-known/jjefukimexhtzbsh.12.x;0
data/win-known/jjzkzvlcpydagasn.1.x;8
data/win-known/jlapksimdbqjqyqe.2.x;0
data/win-known/jlpppylpypgqvdfy.6.x;0
data/win-known/jlpyvgwchvvgjdir.6.x;0
data/win-known/jlvbinvyhduebacz.10.x;3
data/win-known/jlvrnctezadnpshf.9.x;0
data/win-known/jmhofncwozvqnnft.6.x;0
data/win-known/jmrasutnbtzprsoq.12.x;0
data/win-known/jmxueqedbnronrqu.1.x;8
data/win-known/jnxbfdmuqxopaarz.1.x;8
data/win-known/jocxonyvgrvmbswj.1.x;8
data/win-known/jogvuesixpvczbit.10.x;3
data/win-known/jpmifwhewllccrdv.9.x;0
data/win-known/jptjhtxrbzbnxpkm.9.x;0
data/win-known/jpxkdebhxcdddisb.1.x;8
data/win-known/jqcgmnoavfduugnh.6.x;0
data/win-known/jqckklssiebslftm.6.x;0
data/win-known/jqhwqxuxfjiakesg.8.x;14
data/win-known/jqihbyyhqdxeqfbp.8.x;14
data/win-known/jqnrmpthwizvlygw.5.x;0
data/win-known/jquufbrmlehokgbl.10.x;3
data/win-known/jqwognyrqzellfrc.11.x;1
data/win-known/jrmdokdqcdihpkez.8.x;14
data/win-known/jrtwsjryprzjjpzd.10.x;3
data/win-known/jrzhfaikgpfokxnz.8.x;14
data/win-known/jsllxhigvepgfilf.7.x;5
data/win-known/jsmnnnhpdpvlkppp.6.x;0
data/win-known/jsxfvawuwdzhrrqt.3.x;0
data/win-known/jtljsnzbckxfzuze.11.x;1
data/win-known/jtshxpycfdeufvwe.1.x;8
data/win-known/jtsojrqhtlymolqo.8.x;14
data/win-known/jwgkfhxwzvzvbqen.6.x;0
data/win-known/jwhnpzpvvdcbszsh.11.x;1
data/win-known/jwovlyasilrriumj.1.x;8
data/win-known/jxeiyfiomimkqsby.10.x;3
data/win-known/jxqdwadxuxjxdaxu.9.x;0
data/win-known/jykbofqvooityycx.2.x;0
data/win-known/jzruvuyrksdorkwc.10.x;3
data/win-known/jzuxvwyoozfqcfoc.8.x;14
data/win-known/jzwvmgtijdlbkvhe.8.x;14
data/win-known/jzxghdojvxsgscxg.1.x;8
data/win-known/kaehkfkdhzcrjqrl.6.x;0
data/win-known/kafylglafeydnlig.9.x;0
data/win-known/kaguxoisnunkwsxl.9.x;0
data/win-known/kaofmyabiermdbsv.8.x;14
data/win-known/kbbnasnioaxlxkjs.7.x;5
data/win-known/kbjlbnfyqladewxx.12.x;0
data/win-known/kbsntglcrqclsesc.6.x;0
data/win-known/kbsskezhgudwuwmo.12.x;0
data/win-known/kbwgmqtzxnfmkpjy.1.x;8
data/win-known/kbxxaurbtaqyagjx.9.x;0
data/win-known/kcgllujhowpffzfk.6.x;0
data/win-known/kcmrdktmdqahqitb.11.x;1
data/win-known/kdtolkhetkcuoipc.1.x;8
data/win-known/ketqtoqfqtlbfdrv.9.x;0
data/win-known/keuuvsklttolhiuo.12.x;0
data/win-known/kfptoqyrbfzzvkqy.6.x;0
data/win-known/kfzjczdnwzculuwf.1.x;8
data/win-known/kfzvffnsmbcvvfhh.1.x;8
data/win-known/kgbhxmenuhfjwvpw.11.x;1
data/win-known/kgdlfycuuoypzwxq.6.x;0
data/win-known/kgklvrfxvlmlddcn.9.x;0
data/win-known/kgxcicqrenuuahdm.1.x;8
data/win-known/kgxwzwyzurrykmao.1.x;8
data/win-known/khftahigvotiimmf.12.x;0
data/win-known/khrcvdyuvmsuvwib.12.x;0
data/win-known/kiiisgwaataioxbd.7.x;5
data/win-known/kikilxkitqluyzax.6.x;0
data/win-known/kimutdhrzdjfumoj.1.x;8
data/win-known/kizwgntjdwimbjbo.1.x;8
data/win-known/kkebqfucafxxmwwp.11.x;1
data/win-known/kmbmlbuagypmttbl.1.x;8
data/win-known/knjpvncewvxqiccy.1.x;8
data/win-known/kocfoixyolfhygvs.7.x;5
data/win-known/koecdcaaiytdywlm.6.x;0
data/win-known/kowdyljwjeksiphl.5.x;0
data/win-known/kozcqfdvlocfthej.12.x;0
data/win-known/kqrcryjykrkwxkmv.2.x;0
data/win-known/kqzabqsyikrqniiv.1.x;8
data/win-known/kqzujdlyioyxovdh.7.x;5
data/win-known/krmsulxwqnbvtbxw.10.x;3
data/win-known/kruozmzreqfgjiiz.10.x;3
data/win-known/kshgsdsyckjpthyo.12.x;0
data/win-known/ktvqveeqhpdpfmvu.1.x;8
data/win-known/kunfecodywdbhjvi.8.x;14
data/win-known/kuzwaizrudkdfrym.6.x;0
data/win-known/kvkbvozgozfjecnt.7.x;5
data/win-known/kvnteuguakuedjym.9.x;0
data/win-known/kvwaedsmdcofgbkw.5.x;0
data/win-known/kwbrbzwcneokfjud.10.x;3
data/win-known/kwvhsrotkbeydhue.6.x;0
data/win-known/kwwijiakenjpvbqd.1.x;8
data/win-known/kxhplobajpcyeueu.9.x;0
data/win-known/kxkvsuojrhorjlix.8.x;14
data/win-known/kygppzcozptamokz.7.x;5
data/win-known/kzfyalkkphjbeivk.7.x;5
data/win-known/kzfzcmlzbhfbhtjr.8.x;14
data/win-known/kzwbecexsirrbvgo.4.x;0
data/win-known/laabojckbproaxto.8.x;14
data/win-known/laepinvmuxuepekq.10.x;3
data/win-known/lbkrluiflsqvuywm.10.x;3
data/win-known/lbosyednpnnlknqk.3.x;0
data/win-known/lccficvkepbhcyqh.10.x;3
data/win-known/lcniykwvkzrtsjga.6.x;0
data/win-known/lcqjuyakebodcniu.4.x;0
data/win-known/lcthczfypxytsbzt.11.x;1
data/win-known/lcwwlkxtmsiwyoex.10.x;3
data/win-known/lcxrsahkqwvpjczi.7.x;5
data/win-known/ldkgwzuydvjxzszg.12.x;0
data/win-known/ldpkgpfcvajnnicc.6.x;0
data/win-known/lealexccuqnaigek.10.x;3
data/win-known/lekzwgpnfqswxlnz.6.x;0
data/win-known/leothdlwpywqglob.1.x;8
data/win-known/levgvbxrmsgjxjlj.10.x;3
data/win-known/leznuxogoqkmpzlk.10.x;3
data/win-known/lfxntayshmcrgquu.3.x;0
data/win-known/lgbxbkwljtifpudj.1.x;8
data/win-known/lgqdjkegqzkrytwp.9.x;0
data/win-known/lhjvkdguttqvxcdo.2.x;0
data/win-known/lirlzdiyhrvkqjfq.1.x;8
data/win-known/ljiatcfeyhgmaxlt.11.x;1
data/win-known/lkpwqpihtfmbiglh.2.x;0
data/win-known/lkpxdvprrnfwlvhl.4.x;15
data/win-known/lkzecurhhukhwrcl.1.x;8
data/win-known/lmdessbwkkbjijih.6.x;0
data/win-known/lmwllifqeulfeqjv.8.x;14
data/win-known/lnyievbtujqmqzov.9.x;0
data/win-known/lomwbyjlmtofwfyu.8.x;14
data/win-known/lpigrgpgveficehc.9.x;0
data/win-known/lqagzskvwiydsinj.8.x;14
data/win-known/lqhyzkyzyztqxxji.9.x;0
data/win-known/lqijlystyzbtvioe.11.x;1
data/win-known/lqlmgkzznsdbiczh.9.x;0
data/win-known/lqwdmxllorzfmtcf.10.x;3
data/win-known/lqwfdkzfuspzicts.6.x;0
data/win-known/lrakmptalexhgent.9.x;0
data/win-known/lruujqqeyhaqbcrn.7.x;5
data/win-known/lrvjgxtslaavdxcd.12.x;0
data/win-known/lscupsewmjuyzsul.11.x;4
data/win-known/lsjkdydgsiruqftk.7.x;5
data/win-known/lstffxktwbwmplok.1.x;8
data/win-known/lsyhknvbnczndmqw.8.x;14
data/win-known/lthrskaueuilaqpf.1.x;8
data/win-known/ltiynbplktkvcwbx.12.x;0
data/win-known/ltpihqujtlnixoqb.7.x;12
data/win-known/lucscpwcrnwuetre.6.x;0
data/win-known/luiwccysveccqlpn.3.x;0
data/win-known/lujkzayjanahcgwo.1.x;8
data/win-known/luklbtsnfxyqlehm.7.x;12
data/win-known/lvejpkhdfxzpzrqr.6.x;0
data/win-known/lvkemfvxngtmqbxl.1.x;8
data/win-known/lvnlpwpfvbdmmgdb.8.x;14
data/win-known/lvqrnlunwkjjrdow.8.x;14
data/win-known/lvxzqzsrfjaqmkpu.9.x;0
data/win-known/lwvvzlsmwsyywgrr.9.x;0
data/win-known/lxnebgbbpfqloqzd.1.x;8
data/win-known/lygjjgrwwqgqwqlw.1.x;8
data/win-known/lyimipimzbrvjery.7.x;5
data/win-known/lyocnastobysrazr.1.x;8
data/win-known/lzbbpeltylmznvvq.12.x;0
data/win-known/lzdfhcfrpfitnkhq.2.x;0
data/win-known/mayudjtbgjockfpn.7.x;5
data/win-known/mbuexobwwciemsda.1.x;8
data/win-known/mcqtkkcyilpirfto.1.x;8
data/win-known/mcrmwhwuaodaruku.9.x;0
data/win-known/mdmrrwwobftawzmf.9.x;0
data/win-known/mdvkojfhazodlpjc.9.x;0
data/win-known/mdyxcjnqghutoltc.7.x;5
data/win-known/meixsvzzwxvcijqk.6.x;0
data/win-known/metwmhjcrfuwpvke.12.x;0
data/win-known/mezaputtcynhscuh.1.x;8
data/win-known/mfbfgkvgjdmhyemv.6.x;0
data/win-known/mfyjfperkhdiueie.12.x;0
data/win-known/mgfcwocyzhdhktfp.9.x;0
data/win-known/mgmmbvvszvxulicx.1.x;8
data/win-known/mgpujqgyvdwvmtpf.10.x;3
data/win-known/mgtahgexidpzmwrj.4.x;7
data/win-known/mgvgjoziccrghbxe.6.x;0
data/win-known/mhgvqxhxjuzsvurv.1.x;8
data/win-known/mhlggjqhnkykesgs.7.x;5
data/win-known/milwghvtwyflengv.3.x;0
data/win-known/miwpgtrznwlxnwcq.9.x;0
data/win-known/mjpjvzyioyuxumbb.10.x;3
data/win-known/mkkjfuyoquqalqwz.9.x;0
data/win-known/mktcgxqupxdqpuag.9.x;0
data/win-known/mlbahmyfanhjqkam.6.x;0
data/win-known/mlewzpyoctseukqp.11.x;1
data/win-known/mlprynkbjjmqlrgw.12.x;0
data/win-known/mlxntonkbljotoqt.9.x;0
data/win-known/mmopuesnzkirosqh.8.x;14
data/win-known/mmwaglcuzgldkomr.6.x;0
data/win-known/mncrqctkjeooklfd.5.x;0
data/win-known/modpxlmsnrvewqqp.9.x;0
data/win-known/morllchifxidoeha.11.x;1
data/win-known/mouxcjfrayojdtja.1.x;8
data/win-known/mpgerppyjiibjdns.12.x;0
data/win-known/mqbvfbgaywzctnuw.12.x;0
data/win-known/mqgaeuvnfueehqiu.2.x;0
data/win-known/mqphysyqbmaqkvft.1.x;2
data/win-known/mqvmdflqvtpdmfev.1.x;8
data/win-known/mqxukeljxllgclwh.1.x;8
data/win-known/mroxbtglklfwfdjx.8.x;14
data/win-known/mskqxgeeoybjwxhh.12.x;0
data/win-known/mtbwofyngeovuhjg.1.x;8
data/win-known/mtnzyfqhbccqvffy.12.x;0
data/win-known/mtvkoxukwtrawuba.7.x;5
data/win-known/mtymhcxvnqtxqlfd.1.x;8
data/win-known/muajjpxoeusyhzhv.12.x;0
data/win-known/muiieyefihhpjpze.7.x;5
data/win-known/mvftdgyzbjtyjvxl.1.x;8
data/win-known/mvphjlsvwvwawriw.6.x;0
data/win-known/mvtvtnlemmvjscom.1.x;8
data/win-known/mwnqejogcebibcvx.9.x;0
data/win-known/mxbwprmyznwgejhe.1.x;8
data/win-known/myothfebfzzexhcd.9.x;0
data/win-known/myspmxvolkpwdyjx.12.x;0
data/win-known/mzfpdteeqiyitfih.7.x;5
data/win-known/mzgwftwsdmcwkyym.8.x;14
data/win-known/mzpcxdpxntkgxkgd.3.x;0
data/win-known/mzvuybxslslmbflp.4.x;0
data/win-known/naeceszgauuztmgo.12.x;0
data/win-known/naigewggbmsznvxd.9.x;0
data/win-known/naixijvkiumspgfl.12.x;0
data/win-known/narjfwrkyobnnurf.1.x;8
data/win-known/nazdmscrevffvcfh.9.x;0
data/win-known/nbavxqhxpkwreupa.1.x;8
data/win-known/nbiutftvrfplmnbu.8.x;14
data/win-known/nbnpcmbfcbfgtzun.6.x;0
data/win-known/nbwrhmgaebfgwayv.2.x;0
data/win-known/nccrdsvriemupjdk.6.x;0
data/win-known/ncuxqpkmcbyzywcq.1.x;8
data/win-known/nddnltujutsvmrpy.6.x;0
data/win-known/ndwnmkgirxkmiccn.10.x;3
data/win-known/neipvadivitbykaf.1.x;8
data/win-known/neskhrcoduydkvse.11.x;1
data/win-known/neswogrhezaefqac.6.x;0
data/win-known/netegoysoaxwayqe.1.x;8
data/win-known/nexfuymlvjquhqkf.8.x;14
data/win-known/nfvyovscqjfdzxvx.5.x;0
data/win-known/ngasgqhqytusvmcu.9.x;0
data/win-known/nghjgrarrwyzrlfj.1.x;8
data/win-known/ngldmslabkofhzks.12.x;0
data/win-known/ngnpbfgsiuiupsds.7.x;5
data/win-known/ngtrwopgprjubdgq.6.x;0
data/win-known/nhfgiwjptoakhhxe.7.x;5
data/win-known/nhsqmowxpwrxmptc.12.x;0
data/win-known/niaekcidzkucosaw.3.x;0
data/win-known/niazphufhtqtypyu.3.x;0
data/win-known/nifkyaxkifzkkwlg.6.x;0
data/win-known/nikzzvmbihigzpqr.10.x;3
data/win-known/niwqhtnkizrzmjjb.1.x;8
data/win-known/njhwgfjjkyerwrcl.12.x;0
data/win-known/njycostijgbgzyui.6.x;0
data/win-known/nkktobgekyrqvyxf.7.x;5
data/win-known/nlhyydifxuqltkzq.10.x;3
data/win-known/nlozslrxvdglchqp.4.x;19
data/win-known/nlteikuhzyqukmfv.12.x;0
data/win-known/nmdwrrqvellclrxt.1.x;8
data/win-known/nmlkprljzsfdwskc.10.x;3
data/win-known/nmvisrssiewfqydg.5.x;0
data/win-known/nnvujrolsqtubfqz.9.x;0
data/win-known/nnzvkihgzhgnyphi.3.x;0
data/win-known/npifqznpgeglgsom.6.x;0
data/win-known/npjijmnfrsglqzow.1.x;8
data/win-known/nqajipngmeagwopf.6.x;0
data/win-known/nqlcsdesuzehgppc.6.x;0
data/win-known/nrabfxelkzxfcttk.9.x;0
data/win-known/nrfqfvdwqvlkmlqd.11.x;1
data/win-known/nrgfischkvcbovwx.9.x;0
data/win-known/nrrrwshfrnvbjenr.1.x;8
data/win-known/nsvvggemrtwpyhmu.7.x;5
data/win-known/nswiezojxpurdwxn.7.x;5
data/win-known/nsysgdfvhfdrekss.5.x;0
data/win-known/ntdvstwyvrsnopgu.12.x;0
data/win-known/nvlblckdffiswxye.3.x;0
data/win-known/nvotrdiqnxtfqrmh.10.x;3
data/win-known/nvuxrxqpiqhuhirz.9.x;0
data/win-known/nvwggfvqqplsflrc.5.x;0
data/win-known/nweaoaknpwlalcmn.5.x;0
data/win-known/nwxfwgggcmtmjqzx.8.x;14
data/win-known/nxeporirysfvsufc.2.x;0
data/win-known/nxlyqomppwauihde.10.x;3
data/win-known/nxnbziussnarikdn.9.x;0
data/win-known/nxsaigcbjzqghvzf.9.x;0
data/win-known/nynpswcviwrjrxcb.1.x;8
data/win-known/nzczxrexatwoimck.12.x;0
data/win-known/nzitvklbmlknhvpy.11.x;1
data/win-known/nzvevamzhamwhhmw.7.x;5
data/win-known/oaaqfojnmstbegam.9.x;0
data/win-known/oahqxyteovjbhafa.11.x;1
data/win-known/oajgwpulnlzwdbpr.9.x;0
data/win-known/oazlgnmyerxjiodz.7.x;5
data/win-known/ocojvfuapgkvareb.7.x;5
data/win-known/ocpwppzpfybgbogz.12.x;0
data/win-known/ocqgyzhgktyzicxj.8.x;14
data/win-known/odhrlhlrlmmkkcml.10.x;3
data/win-known/odhutttdkcmcppuu.11.x;1
data/win-known/odmifdtvonazxxfj.1.x;8
data/win-known/oezrmokrosuwujfh.12.x;0
data/win-known/ofggtzdiqstgczwk.3.x;0
data/win-known/ofvktrbkfqyosriu.1.x;8
data/win-known/ofyjkgpjnplwnpib.9.x;0
data/win-known/ogxypfjlprrxfqcn.3.x;0
data/win-known/ohaxlvewgxahodug.6.x;0
data/win-known/oiqncjudlhceypye.9.x;0
data/win-known/ojbeivztxqdetzje.11.x;1
data/win-known/okkivhlmqhuonppw.9.x;0
data/win-known/olafthnnueifkokd.8.x;14
data/win-known/olbiaalciadglqhn.1.x;8
data/win-known/olwytptrncdkbttb.1.x;8
data/win-known/omgblmejwknngbcd.9.x;0
data/win-known/omwuppliklihboej.10.x;3
data/win-known/omxdxzwcvjngbzpx.9.x;0
data/win-known/omyfbliquijirmvi.11.x;1
data/win-known/omyztbwfltianlkl.12.x;0
data/win-known/ondzsddmhrzwiqhs.12.x;0
data/win-known/onthnrkedioyycod.1.x;8
data/win-known/onxecanzcerwmccr.7.x;5
data/win-known/onyfchxpxzlwwnmj.11.x;1
data/win-known/oocqkqsdrybagjri.9.x;0
data/win-known/oohnqpfxtbxnlxpa.1.x;8
data/win-known/ooodyhufazutupea.7.x;5
data/win-known/oprznimudiawkfrd.12.x;0
data/win-known/orvkgpmgzcssiztc.1.x;8
data/win-known/osmgjtkaxpwomvug.7.x;5
data/win-known/otajumwilupfmwsa.5.x;0
data/win-known/otidgsfjtzquvitp.9.x;0
data/win-known/otsmszvdracfnvhy.6.x;0
data/win-known/otwxudgdzbahfxlx.9.x;0
data/win-known/ouefpxrabhosthaq.9.x;0
data/win-known/ougogkexvsejnrdh.2.x;0
data/win-known/ovlzzomkjcltyheg.2.x;0
data/win-known/owxeniuziqxhmgiz.3.x;0
data/win-known/oxigujngfgxovwki.1.x;8
data/win-known/oxlenqikulfgxtsj.1.x;8
data/win-known/oxrqulortwoevsek.2.x;0
data/win-known/oxxcoxajzjaecdnr.9.x;0
data/win-known/oyjnogurxwzdemhn.12.x;0
data/win-known/oyquxpyfpvirjled.9.x;0
data/win-known/oyttfnlinzcpllir.12.x;0
data/win-known/ozchmveogkdktpic.1.x;8
data/win-known/paikaoocjrqvmato.7.x;5
data/win-known/pawdrvbxkzyookbg.7.x;5
data/win-known/pbcgtkznxihbylfn.9.x;0
data/win-known/pblqncjtxtklfagx.6.x;0
data/win-known/pcekuodmfxfafkxr.6.x;0
data/win-known/pcltellohuqsswrq.1.x;8
data/win-known/pdnserhgpptqejyv.6.x;0
data/win-known/pdtrpjqzxqdauykd.6.x;0
data/win-known/pdxygilhvzxurthm.11.x;1
data/win-known/peruiccvjeotmtcw.7.x;5
data/win-known/pfbpkvecpkdnwyap.7.x;12
data/win-known/pfjhzbikzzbdclyi.12.x;0
data/win-known/pfzdymzahmugrwee.9.x;0
data/win-known/pgbkpxuwotzdpvlg.8.x;14
data/win-known/pgoxkebystsqpdfx.12.x;0
data/win-known/pgpxvyfhrrbqxlvt.1.x;8
data/win-known/phrfqpsypdaxntcw.9.x;0
data/win-known/pigxrshjijdqqikm.10.x;3
data/win-known/pjbdvqouoqaxjmrg.1.x;8
data/win-known/pjjxuqhdmvfpwvkm.6.x;0
data/win-known/pjlgvchtpwslfiys.9.x;0
data/win-known/pjqnelrnfrctaioq.2.x;0
data/win-known/pjyfwybocfojsfcc.7.x;5
data/win-known/pkrkzpzzhsqciqqe.1.x;8
data/win-known/plzhyqvhwbykgbcc.10.x;3
data/win-known/pmlgtulyqmgtdifh.11.x;1
data/win-known/pmvvkfsnqhrydgew.1.x;8
data/win-known/pnfhngxclfaekuwi.8.x;14
data/win-known/pnrtvuterpaxwyfp.1.x;8
data/win-known/polpbxlvvbhutmvc.10.x;3
data/win-known/poomhafstgxsgqok.1.x;8
data/win-known/ppatjhiszpaejlbo.1.x;8
data/win-known/pqbbczfdoblbvgmm.1.x;8
data/win-known/pqhnutinnmbrnrjq.1.x;8
data/win-known/pqscjtucqmhouowq.3.x;0
data/win-known/prcuhjlzixktqyng.6.x;0
data/win-known/prdatpgftzxatjxg.2.x;0
data/win-known/prdjsptlmnjrmcwp.9.x;0
data/win-known/prlizuumvoeriuhw.11.x;1
data/win-known/prvrngbmqaivgati.12.x;0
data/win-known/prxscpaldeqfzpkg.1.x;8
data/win-known/psacuamgectkgedy.8.x;14
data/win-known/pscarxsfoluhinec.1.x;8
data/win-known/psutukroarcocuwt.1.x;8
data/win-known/pteencyspiuansvt.10.x;3
data/win-known/ptidkxfilnhkskaj.9.x;0
data/win-known/puarfbtmbxybnqqm.12.x;0
data/win-known/puskkdetlihbqwjo.1.x;8
data/win-known/puxlhdzvvtxsxyez.6.x;0
data/win-known/pvdqiybjaxdbqozn.4.x;7
data/win-known/pvmhjdrsdkpsdori.5.x;0
data/win-known/pvqakbkfjdfjjisf.8.x;14
data/win-known/pvysaxwmanjtziap.11.x;1
data/win-known/pweqrahayaalumrj.10.x;3
data/win-known/pwhezqzhggbwwutd.1.x;8
data/win-known/pwumanxzyoxhtnse.5.x;0
data/win-known/pxloodlhobqixbna.6.x;0
data/win-known/pxqytaycnxclzapg.6.x;0
data/win-known/pxrweligjxhsywhz.7.x;5
data/win-known/pyujsotucxnlxmei.3.x;0
data/win-known/pyzeyanojrnmobax.1.x;8
data/win-known/pyzhkkhfufcsqwed.2.x;0
data/win-known/pyzzrneulusvekuw.6.x;0
data/win-known/qaenwdtyhnzdsdol.10.x;3
data/win-known/qafnxswotbfqvvtd.1.x;8
data/win-known/qagzgfguqzbabgtl.2.x;0
data/win-known/qathgpscqwonypwb.6.x;0
data/win-known/qbfzbiyhwijsgekd.1.x;8
data/win-known/qcaylsteguknfelv.6.x;0
data/win-known/qcbxuirckvobqcqi.8.x;14
data/win-known/qcwdjccenieqcyug.9.x;0
data/win-known/qdifyyuwdxqqsotr.6.x;0
data/win-known/qdmczkbprzxnjacd.10.x;3
data/win-known/qdniqcvrkrlofevh.1.x;8
data/win-known/qdyvfgshcfhuvbsm.1.x;8
data/win-known/qekdberohemcqvkw.1.x;8
data/win-known/qfpcfyzyamgihnns.12.x;0
data/win-known/qfsdquytsjshgeno.1.x;8
data/win-known/qgbwzplnyasividj.9.x;0
data/win-known/qgegjvaszzriauvh.12.x;0
data/win-known/qghshrnfhnooqvls.9.x;0
data/win-known/qgisiivgnusfunve.12.x;0
data/win-known/qguoqjqamdbwkxtb.9.x;0
data/win-known/qgwghfnznoyfogkg.11.x;1
data/win-known/qhehieksubhkjuxx.1.x;8
data/win-known/qipblsodnssrkgos.3.x;0
data/win-known/qiqjhstjeaflrlme.12.x;0
data/win-known/qixdmjkevmwvklxs.8.x;14
data/win-known/qjjqweuhyfyooehb.6.x;0
data/win-known/qjylvnuptndeyltm.1.x;8
data/win-known/qkxayfaiiefqsgke.9.x;0
data/win-known/qlbbtfcrehmfhzoa.7.x;5
data/win-known/qleckffwfpcqfsjd.6.x;0
data/win-known/qlhitfsauzdyobrz.10.x;3
data/win-known/qlnwgjedorhfazha.10.x;3
data/win-known/qlrkbzxgqndaxseg.7.x;5
data/win-known/qmpbpqlnqsjpmlvk.9.x;0
data/win-known/qnmzijbwkkckpzag.9.x;0
data/win-known/qnswydzmnhokdnsd.12.x;0
data/win-known/qomxduvudaokwule.4.x;0
data/win-known/qouktwerxkpknixy.11.x;1
data/win-known/qpthzwcimctcsvil.7.x;5
data/win-known/qqnkccwirlwbebnz.6.x;0
data/win-known/qqnzieszhadxbcmd.1.x;8
data/win-known/qqqwkdrbfvdtromu.9.x;0
data/win-known/qquhbjxxnazcgcdm.9.x;0
data/win-known/qqzoacddwsuetptc.9.x;0
data/win-known/qreseapwpekypcpx.12.x;0
data/win-known/qrujciezrlijjrcl.7.x;5
data/win-known/qrwxaltpsbmvobbx.5.x;0
data/win-known/qsvwdqenwkzcxzob.6.x;0
data/win-known/qtggiofjboytegpz.6.x;0
data/win-known/qtkcfrcbszhaamsi.3.x;0
data/win-known/qtrvclfrvdpeftqh.10.x;3
data/win-known/qutalyxkaopcrwuz.6.x;0
data/win-known/qvdhnkvcbxxgyisr.11.x;1
data/win-known/qvlsxgnyicvjoasl.1.x;8
data/win-known/qvnnfgggokiibzkh.9.x;0
data/win-known/qvpvgmbujapzgkdw.6.x;0
data/win-known/qwztuqxmbothcrje.10.x;3
data/win-known/qxbjtreodvsjuiak.9.x;0
data/win-known/qxiireoytjwambex.12.x;0
data/win-known/qykbwonmsezmlmuc.6.x;0
data/win-known/qzlnrbxfvzbztbsp.12.x;0
data/win-known/raqufewmrttvybtc.6.x;0
data/win-known/rbfwupxagnpruosu.3.x;0
data/win-known/rblkxxyjghfdklga.9.x;0
data/win-known/rbpisjyffhrepkoa.12.x;0
data/win-known/rbuvyhxmhyqhohpg.7.x;5
data/win-known/rbvrdzfsmsyyyfoo.6.x;0
data/win-known/rbywjnmbmzwybdfm.1.x;8
data/win-known/rcaoijflvuyibhes.9.x;0
data/win-known/rcciqwrosullomiu.4.x;20
data/win-known/rcwwfbbacmsqzmyd.7.x;5
data/win-known/rcydxuczobjbslaf.10.x;3
data/win-known/rdchbgfswpwsnzht.10.x;3
data/win-known/rdhyqiltyvfnimxi.8.x;14
data/win-known/rdjerspmuomqihnu.6.x;0
data/win-known/rehddsnoshudcacl.9.x;0
data/win-known/rescwqtxsamnijoq.12.x;0
data/win-known/rewiwgaqkofsbvrs.9.x;0
data/win-known/rggpdujwosviocus.4.x;0
data/win-known/rghbhsgcbbxcuafz.9.x;0
data/win-known/rgzigubqcmeuwunw.10.x;3
data/win-known/rhdsmrdwyaxwklkk.6.x;0
data/win-known/rhsszvzruubjiakv.1.x;8
data/win-known/rhtubscxvxagnqcr.9.x;0
data/win-known/ridpetqtinohtcxp.11.x;1
data/win-known/rivuwylcvmzcefhi.1.x;8
data/win-known/rjklemufmkvhxmdb.10.x;3
data/win-known/rjmyfeviiosgresm.8.x;14
data/win-known/rjprbkalqgrtkezg.5.x;0
data/win-known/rkhmuahdfduofpui.12.x;0
data/win-known/rkjmuqlhgvmwlsdv.9.x;0
data/win-known/rlrqgbsdkcwbalol.4.x;0
data/win-known/rlscbthstkromito.7.x;5
data/win-known/rlshvafxxsbocxyi.1.x;8
data/win-known/rlviowmjjxcjvgtf.9.x;0
data/win-known/rmrgbtxbwzgxvrpg.1.x;8
data/win-known/rndyoatqwzecceps.8.x;14
data/win-known/rngwxuuhswawatin.7.x;5
data/win-known/rnlpkhfwaepegisq.4.x;18
data/win-known/rnvrndyneqbaawia.12.x;0
data/win-known/roiqwsgcjicnfrab.9.x;0
data/win-known/rpetlnqdquypjoxd.9.x;0
data/win-known/rpphvjxuecjpkuhs.9.x;0
data/win-known/rprrgbwzjtcophan.9.x;0
data/win-known/rqjnigchzvshvjex.6.x;0
data/win-known/rqrxkqkntxapbdud.3.x;0
data/win-known/rqxsjtlpkaodgcme.6.x;0
data/win-known/rraxgofhqzchyauh.6.x;0
data/win-known/rrirmthrmbgjkply.7.x;5
data/win-known/rrttluligvflzlsv.6.x;0
data/win-known/rsampztnnqalmqsd.3.x;0
data/win-known/rsicuzqvqcbdyohb.6.x;0
data/win-known/rsnfxaqnaycstjxd.9.x;0
data/win-known/rsqqlsmnlscwduzq.3.x;0
data/win-known/rtccuqvwipwtkxdi.6.x;0
data/win-known/ruaosjqcuqlsoftr.9.x;0
data/win-known/ruxzevmgnpgcqicw.7.x;5
data/win-known/rvwazqsafwulvjqb.1.x;8
data/win-known/rwbksochdgfahjwr.9.x;0
data/win-known/rwmydsdsuziymtuo.2.x;0
data/win-known/ryahqslevrzazglv.10.x;3
data/win-known/rzcjkysgvyunimfb.9.x;0
data/win-known/rzsjarnujlcmgjre.1.x;8
data/win-known/rzspqkueqfnwwoik.10.x;3
data/win-known/saojveilexzchrbf.6.x;0
data/win-known/sapkiapftgpockgm.9.x;0
data/win-known/sbgbwlqlalcgrueq.10.x;3
data/win-known/sbrvskfssvpaupob.12.x;0
data/win-known/sbxfjiatyxrvznvd.4.x;0
data/win-known/scnltyqwdkzsexms.11.x;1
data/win-known/scosbzvdkhflsumi.12.x;0
data/win-known/sdphoyyrxtihslwa.1.x;8
data/win-known/sewhqvjmvqqbecse.12.x;0
data/win-known/sfjjculkcrkkfgqb.9.x;0
data/win-known/sfpvhjrftvsdqnob.9.x;0
data/win-known/sfrxrfjhzczkzsdz.1.x;8
data/win-known/sfwqjozcfmgeqarj.9.x;0
data/win-known/shgxuymxnykdpmjt.12.x;0
data/win-known/shzgtmfscmgbrphc.7.x;5
data/win-known/siaaygzaocowtcci.3.x;0
data/win-known/sikqaqmkzgrnytpy.10.x;3
data/win-known/sjznpudxmhxuhhol.12.x;0
data/win-known/sktppgpqxznnfzbr.6.x;0
data/win-known/sltlszpgvozotbdk.6.x;0
data/win-known/slzyyyckvxhjrtxj.1.x;8
data/win-known/smapydwuhvtpnecx.4.x;0
data/win-known/smmksuswevkzhejz.1.x;8
data/win-known/smxhuvwxbrhfxqnq.3.x;0
data/win-known/snbloecxmrlvhyao.1.x;8
data/win-known/sncpkkqkxayovrbj.7.x;5
data/win-known/snpfdendcrstgrtl.10.x;3
data/win-known/snxrbppiabeyiybh.10.x;3
data/win-known/spnguameifmmcbaq.1.x;8
data/win-known/spsyrbhdqrshijtt.3.x;0
data/win-known/spzffoqtzotdiopm.9.x;0
data/win-known/sqahtxlyxzpcrsah.12.x;0
data/win-known/sqfkcojocmrgmftl.9.x;0
data/win-known/sqmhzonqgjixfvtp.6.x;0
data/win-known/sqspzwjybtmdtnwf.2.x;0
data/win-known/sreetofkcwpnietf.9.x;0
data/win-known/srjrazlfoffrzupa.5.x;0
data/win-known/srujwgnrqjabwaby.8.x;14
data/win-known/sswhnidazljexvzi.1.x;8
data/win-known/ssxxxihmihxrqmej.6.x;0
data/win-known/stcjlblugrqhvusx.4.x;9
data/win-known/stohmuyktblehncb.7.x;5
data/win-known/stxrhtwjacvmjuca.9.x;0
data/win-known/sumjqulfiipxtrkb.10.x;3
data/win-known/suthpqsfdyaxhyqt.10.x;3
data/win-known/suxbvnqaeijetiln.10.x;3
data/win-known/suzlujzpvsnplgtp.3.x;0
data/win-known/svsxzuagkuswipnp.6.x;0
data/win-known/svweslmctavnthlx.12.x;0
data/win-known/swcpjnaeuxyinlzr.9.x;0
data/win-known/swcuxadqsxrrfzpf.6.x;0
data/win-known/swdiqgwulkanmlvl.7.x;5
data/win-known/swojusnfsaebpoyw.12.x;0
data/win-known/swrmnvzfkjxduucu.3.x;0
data/win-known/sxwbqgcktdbdizsg.7.x;5
data/win-known/sypplnfpusjtokyi.6.x;0
data/win-known/szkiwfzvsptwpywj.11.x;1
data/win-known/sznwhneniwoczqut.11.x;1
data/win-known/szwqfsrjhjtdddkg.8.x;14
data/win-known/tafrfzoipfqtbcmb.9.x;0
data/win-known/tamdcbiaewoppmyz.6.x;0
data/win-known/tbfdonzsuvkfhsgo.1.x;8
data/win-known/tcgvhprspzjlmsmk.1.x;8
data/win-known/tchdkijxmnzrqutj.3.x;0
data/win-known/tchftkswfdrvtywz.9.x;0
data/win-known/tchlnyorfqocwadr.10.x;3
data/win-known/tcpmfmtnbzljbgmt.8.x;14
data/win-known/tcuvcgwnnpohihdq.1.x;8
data/win-known/tdcoxfdbmimgotfk.2.x;0
data/win-known/tekqsbvgkqortdxb.12.x;0
data/win-known/tfavlzgokqsxhger.9.x;0
data/win-known/tfcnoiizkaatmmcw.6.x;0
data/win-known/tfwkgqkumfgnwxgk.11.x;1
data/win-known/tgkkpoxmmcqkrtqc.3.x;0
data/win-known/tgulrnoxznposjtt.7.x;5
data/win-known/thahtrsttopshfdl.3.x;0
data/win-known/tidrosnoawdfqlih.12.x;0
data/win-known/tignrxozrphrcvor.5.x;0
data/win-known/tintwwhsbqfhermp.9.x;0
data/win-known/tjcfcqkibbbnmfom.1.x;8
data/win-known/tjehtvrumaaawmtb.10.x;3
data/win-known/tjxvyyreqyldrlpk.9.x;0
data/win-known/tlcxdajjdaibuizz.8.x;14
data/win-known/tldpcexcbshjcvkm.7.x;5
data/win-known/tmeyzoxfgngfflxj.7.x;5
data/win-known/tndclzecglvsaufp.10.x;3
data/win-known/tnxfkldmndsafcgv.12.x;0
data/win-known/tojmmnqymfioflfm.3.x;0
data/win-known/tokzydqvfeiagfjq.3.x;0
data/win-known/tqizkbcgabmvwetz.7.x;5
data/win-known/tqqbrekcnourfvmn.8.x;14
data/win-known/tqrrdyldbmibgsud.1.x;8
data/win-known/trbcwheyjqaeqnpx.10.x;3
data/win-known/treqbqrevypcxzjz.8.x;14
data/win-known/trgogorelgauvbxb.7.x;5
data/win-known/tsbdbdtvjwusmsvy.10.x;3
data/win-known/tscqbvbfdqllwjvj.12.x;0
data/win-known/tsmlkmvhzzdcrlaz.9.x;0
data/win-known/tsxbulrlmaxytaid.1.x;8
data/win-known/tttjzrkkidnmtvdl.12.x;0
data/win-known/ttxyqkqzxihljhfg.1.x;8
data/win-known/tudikvjukhtfsqxc.6.x;0
data/win-known/tunpcukpjxorxvmi.6.x;0
data/win-known/tusnpcubgxqyjijc.7.x;5
data/win-known/tvfovyxjctwecnxt.1.x;8
data/win-known/tvhmqghtsfmilpwg.1.x;8
data/win-known/tvoickriiliutwxo.1.x;8
data/win-known/tvqdtzormkqxbaur.1.x;8
data/win-known/tvtmlybtwasydigt.1.x;8
data/win-known/twbofixulbqfqvur.10.x;3
data/win-known/twjeujeajzyejztc.12.x;0
data/win-known/txbomrugkivygnfo.10.x;3
data/win-known/txijvzigjfauyzdo.11.x;1
data/win-known/txjxgysurgutzxix.6.x;0
data/win-known/tytvdawodmuozgqm.10.x;3
data/win-known/tyygamtjdiqexprn.6.x;0
data/win-known/tzabshjabcuuskkg.7.x;5
data/win-known/tzbhvyiudnqiaupe.6.x;0
data/win-known/tztjhwnhukqnffoz.7.x;5
data/win-known/tzxfhtclfvbsfooz.1.x;8
data/win-known/uadxemiffivxfwin.7.x;5
data/win-known/uaidslqxcvkrxkwl.7.x;5
data/win-known/uaknwpuarrvsrbtr.12.x;0
data/win-known/ubcfvjpgrmonllze.1.x;8
data/win-known/ubwbkajoxffkaqfl.10.x;3
data/win-known/ubzlqhgpyqdmodrw.6.x;0
data/win-known/ucrdgjywtafnixyh.1.x;8
data/win-known/ueciusexusmlfiuh.9.x;0
data/win-known/uegdavtfjarzwdld.6.x;0
data/win-known/uejemdmkyrhyoued.1.x;8
data/win-known/ueotqeppzokirjem.6.x;0
data/win-known/uepmkzewpkjwujts.6.x;0
data/win-known/uerstunpranstfjn.12.x;0
data/win-known/ufctyyykqczrpjza.9.x;0
data/win-known/ufcujtcphklcgyzn.4.x;0
data/win-known/ufnckotzwxsduxjb.9.x;0
data/win-known/ugzjpfzauyzrystb.3.x;0
data/win-known/uhmjhafryxiciamv.1.x;8
data/win-known/uhnannlriwoxbtvx.10.x;3
data/win-known/uhovwdgqeozutssq.1.x;8
data/win-known/uhparxzfeilcslvx.8.x;14
data/win-known/uhucvqtprmzrpueg.8.x;14
data/win-known/uhzayijrvulxrage.7.x;5
data/win-known/uibswwlapkhflgdp.9.x;0
data/win-known/uicjrlxwpuafbxus.3.x;0
data/win-known/ujbiazhqlmrheivl.7.x;5
data/win-known/ujfmsevpqhprrqet.9.x;0
data/win-known/ukeocbzpfkdhqmbr.1.x;8
data/win-known/ukksnpmmacxtepca.10.x;3
data/win-known/ukmfaqyhpjfzcphr.9.x;0
data/win-known/ukwvynnnpwgfquwo.6.x;0
data/win-known/ulihxkxjezpymcwe.6.x;0
data/win-known/ulmzkvvhgyhqhxns.10.x;3
data/win-known/ulwzmkwelyobfhrh.12.x;0
data/win-known/ulxnyvkpiovbajig.6.x;0
data/win-known/umahslafvrchgbfa.12.x;0
data/win-known/umfutmbnseufeojd.4.x;0
data/win-known/unlnmordiywvovlg.1.x;8
data/win-known/unqapewmxxsfhrxd.6.x;0
data/win-known/uohcprkkqxdtilaa.2.x;0
data/win-known/uomalirjywgijtfv.11.x;1
data/win-known/uoysviejocsxgztp.6.x;0
data/win-known/upsgbedelvwrslox.9.x;0
data/win-known/uptathfrycbvsbwl.10.x;3
data/win-known/uqbqkhmscztzdxdx.7.x;5
data/win-known/uqjnmdxkqqyhwhrt.6.x;0
data/win-known/usffjcdukeypjbkn.10.x;3
data/win-known/usltwokqfcgqltzk.9.x;0
data/win-known/usqlgztjmzoyoakf.7.x;5
data/win-known/utehkainiberupbs.9.x;0
data/win-known/uthywseppfkithok.9.x;0
data/win-known/utidzhtkoqwgntza.1.x;8
data/win-known/uulkplzzopqavwth.8.x;14
data/win-known/uuoovockmthpjfuz.5.x;0
data/win-known/uvbkvhtjsjwjkhad.7.x;5
data/win-known/uvfhvrdavnzltfee.5.x;0
data/win-known/uvgixkvgmnvoeuwc.6.x;0
data/win-known/uvgmnojvqlgwdupm.9.x;0
data/win-known/uwfnovkigcszcpcl.6.x;0
data/win-known/uwjpqzxiuygyegxl.9.x;0
data/win-known/uwoobnemxeugougt.9.x;0
data/win-known/uwsgeqyicqqmkllt.10.x;3
data/win-known/uxetgtjqojmrkkbc.7.x;5
data/win-known/uxwwazayhtxzkogp.9.x;0
data/win-known/uyjfuthpvgfotwyc.1.x;8
data/win-known/uyjzzzptxwcaeuqj.1.x;8
data/win-known/uyyblouxbqszuzar.7.x;5
data/win-known/uzrfflfpiudeqqzk.3.x;0
data/win-known/vanxrdhpbtmkrygo.7.x;5
data/win-known/vbpgmxrxgjmslswe.9.x;0
data/win-known/vbuaqpzkryoolpsl.8.x;14
data/win-known/vcexfndikjaawyby.6.x;0
data/win-known/vclchnpdopathika.1.x;8
data/win-known/vcqddflayfzxceym.7.x;5
data/win-known/vcthflzzopgbxeyc.7.x;5
data/win-known/vcvdanhcitpekprd.10.x;3
data/win-known/vdkdryydgugjoczl.8.x;14
data/win-known/vdpaajlokbohypfi.1.x;8
data/win-known/vdxzcnqrepejtvax.7.x;5
data/win-known/veurhajdhfazfudo.8.x;14
data/win-known/veyfxzdwtwdqdbtf.1.x;8
data/win-known/vfdupydiuoqwhafc.12.x;0
data/win-known/vfwenykmzhkblsfr.10.x;3
data/win-known/vgzzhdonqcwdqtob.7.x;5
data/win-known/vhaymyblmfachsko.10.x;3
data/win-known/vhlyhktibaokvdbe.2.x;0
data/win-known/vhvvytbvqqptrrwf.1.x;8
data/win-known/vhxufeanuovlijou.9.x;0
data/win-known/viiteifalkwckgnl.1.x;8
data/win-known/vivbcepstzqnvmae.1.x;8
data/win-known/viwdxhjnftfdlord.9.x;0
data/win-known/vkfaeyfirgzldxtc.1.x;8
data/win-known/vltaglldgodmonog.10.x;3
data/win-known/vmluuzdkbszhaxhg.9.x;0
data/win-known/vmvlznylophslyvf.3.x;0
data/win-known/vnbimlzuyuiijsqu.9.x;0
data/win-known/vnewztrsdauzvwjf.1.x;8
data/win-known/volpwbrswzcmbyjg.1.x;8
data/win-known/vpdqreghhprrgluf.1.x;8
data/win-known/vqkvbykzepadhmpy.9.x;0
data/win-known/vqpcumdntvvafqau.1.x;8
data/win-known/vrbuyxdebcvmibyj.1.x;8
data/win-known/vskqrdzxgxgdnxwy.10.x;3
data/win-known/vsltqnfsrbwctinc.9.x;0
data/win-known/vsoaqoxaagxtnjdi.12.x;0
data/win-known/vsypzfepquprujfu.11.x;1
data/win-known/vszgozxuftcxgdrl.1.x;8
data/win-known/vtfwmrxslykzntzz.6.x;0
data/win-known/vtiijlmiqkjsyick.7.x;5
data/win-known/vuaohqytbejqckbf.7.x;5
data/win-known/vunrabicfnfpuoxu.1.x;8
data/win-known/vuxnyyxqlgayplab.1.x;8
data/win-known/vwcfvqcpbpxhjjfb.9.x;0
data/win-known/vxkcokyxxsciroev.1.x;8
data/win-known/vxnxnpwmjiftjlqn.6.x;0
data/win-known/vxtjlvwvbuipynug.6.x;0
data/win-known/vykbqxxsjklgzqsd.3.x;0
data/win-known/vyzuqezbhqwyuqeh.1.x;8
data/win-known/vzcrakkwqxkhekyv.9.x;0
data/win-known/waumwdxusdkhahkc.7.x;5
data/win-known/waxoubbinsvmjcfz.9.x;0
data/win-known/wbecwlardywcvczu.8.x;14
data/win-known/wbxkacybbauzynft.1.x;8
data/win-known/wczwzspikvgsvoxh.9.x;0
data/win-known/wdbfkajlsbtqdmzh.2.x;0
data/win-known/wdreepjyqrpyzzhs.10.x;3
data/win-known/wdtmcbpfcjmlsyag.6.x;0
data/win-known/wdwzfymkbincalgs.6.x;0
data/win-known/wdxoednmmvgceymu.8.x;14
data/win-known/wefikuexapmfoseo.6.x;0
data/win-known/weksfaoywdmjhftp.12.x;0
data/win-known/wezjczocpltlfclf.7.x;5
data/win-known/wfaihondiajkadxu.1.x;8
data/win-known/wflvlofkrvyalduk.7.x;5
data/win-known/wfnmxckxueknckip.9.x;0
data/win-known/wgacmqiiiwfoomga.1.x;8
data/win-known/wgajctpmhleqklie.9.x;0
data/win-known/wgdkkmvgsxxrlade.1.x;8
data/win-known/wgfaacqcxjgndsod.8.x;14
data/win-known/wgqxdjahggatfolt.6.x;0
data/win-known/wgtginbwshkwizlp.6.x;0
data/win-known/wgznzmqiwvlawfgl.5.x;0
data/win-known/whctbxvjubukcqaz.7.x;12
data/win-known/whxcushkrbyapyse.10.x;3
data/win-known/wibtltmgrtpnwsaz.2.x;0
data/win-known/wireijjucogxidxe.11.x;1
data/win-known/wiswwbuwdqkhxnlp.1.x;8
data/win-known/wjjpzrxronnjtwht.11.x;1
data/win-known/wjnlitlyonxkhkyb.9.x;0
data/win-known/wjsptnoizqyfmrfj.7.x;5
data/win-known/wkfmaptximwfmzrt.1.x;8
data/win-known/wkstmvgipcohrnym.10.x;3
data/win-known/wkzwvbhyemgfwvlp.6.x;0
data/win-known/wljlrvocowhmtjbh.8.x;14
data/win-known/wlndflotqjsuvxbf.3.x;0
data/win-known/wlnftccrutulkhjf.12.x;0
data/win-known/wlwcvaaeqmeqzlps.9.x;0
data/win-known/wmfwvgoxqvqjjfzo.9.x;0
data/win-known/wmmzgibfhzisjjhi.1.x;8
data/win-known/wmprrwfpxetzpnmh.7.x;5
data/win-known/wmsbrrlxzcfbdlqu.1.x;8
data/win-known/wmveaxnewfijjtff.10.x;3
data/win-known/wnbdemkpwakyrrjb.1.x;8
data/win-known/woawsivhastirndg.1.x;8
data/win-known/wofjzwiohfcnzyuy.9.x;0
data/win-known/wohjjkmxedkilmqc.8.x;14
data/win-known/wokquohwswencoix.3.x;0
data/win-known/wotlyqrojcjnadgr.1.x;8
data/win-known/wpnochvagpfjataq.9.x;0
data/win-known/wpopgnirqunlizwl.9.x;0
data/win-known/wppnwriamteondnu.11.x;1
data/win-known/wpuhyxryingnqogy.6.x;0
data/win-known/wpzkaithtjicvwzs.6.x;0
data/win-known/wqcubwawkbrjxhti.3.x;0
data/win-known/wqislpgyrqltywdt.9.x;0
data/win-known/wqoecfutuldpodbr.12.x;0
data/win-known/wquydirykihmqgqg.11.x;1
data/win-known/wrblxnthoxlxwhsu.12.x;0
data/win-known/wriuqzftconeecya.9.x;0
data/win-known/wrnogwlblbyosgwn.7.x;5
data/win-known/wsbtlzbzjmvsjvvb.12.x;0
data/win-known/wsmdoaoifcfdypbp.8.x;14
data/win-known/wsxbeojchnpyjeqt.10.x;3
data/win-known/wtfmssdutorzeszj.9.x;0
data/win-known/wtkrwpigimsandek.9.x;0
data/win-known/wtqvkwenucbzriun.7.x;5
data/win-known/wvkpydjmikbgwlrw.7.x;5
data/win-known/wwdzsocakrumygtv.6.x;0
data/win-known/wwpirttwplapwrot.7.x;5
data/win-known/wwslvrwvgrbhcypq.8.x;14
data/win-known/wwyyubenzwekdajk.5.x;0
data/win-known/wxaeujxgghgbaflv.6.x;0
data/win-known/wxyvyobrjnueharq.7.x;5
data/win-known/wylxasyrwungwzsi.12.x;0
data/win-known/wymfcbaiojulvvvm.10.x;3
data/win-known/wymmwucnkwxgikll.1.x;8
data/win-known/wyszgdoddujvmcoy.1.x;8
data/win-known/wzgwgwtuupdsgkun.9.x;0
data/win-known/xamcmiqdyfyyrbwf.7.x;5
data/win-known/xatdqyvfrwjoqvua.1.x;8
data/win-known/xbdalpxujhvnszhn.4.x;18
data/win-known/xbffppzumcwjzgjj.12.x;0
data/win-known/xbhvkindtyhhpveh.7.x;5
data/win-known/xbmtjwnyqvtkbznm.12.x;0
data/win-known/xbrykexziydwfopx.1.x;8
data/win-known/xbvfghudnrdllxqc.6.x;0
data/win-known/xcnwckpfzjzjxtie.6.x;0
data/win-known/xcpkqosakecwirxr.8.x;14
data/win-known/xcsraroxepgavjfn.1.x;8
data/win-known/xctuishwszltkgsf.9.x;0
data/win-known/xdvmwuexodpghudu.12.x;0
data/win-known/xemrupelmrphsngc.5.x;0
data/win-known/xetogygjqgrciqno.1.x;2
data/win-known/xffjvjbzorlgszsl.9.x;0
data/win-known/xffozmprkowmowbd.5.x;0
data/win-known/xfuwnmskirkxkuiy.12.x;0
data/win-known/xgebjtngydjhbftu.6.x;0
data/win-known/xgotdglxstecklva.1.x;8
data/win-known/xgtwcagyvnhlqset.6.x;0
data/win-known/xhbcvswcasboehdy.8.x;14
data/win-known/xhcudrtnhhdhbasp.9.x;0
data/win-known/xhgwtdolbqjidmnh.2.x;0
data/win-known/xieeuqdqdedgxybi.9.x;0
data/win-known/xirmctrvepjghrwq.1.x;8
data/win-known/xiyriqhucdszgxhz.1.x;8
data/win-known/xjauqokikgbljlft.9.x;0
data/win-known/xjcbqbhwkgqtxsbx.9.x;0
data/win-known/xjzoiwluhcmbpmoa.12.x;0
data/win-known/xlgbecdndtifzyut.1.x;8
data/win-known/xllompgtojwrkaxm.3.x;0
data/win-known/xmlpoxocibcnopei.11.x;1
data/win-known/xmnlmtixhbmvikpx.5.x;0
data/win-known/xmuiwkpykmrsgwmr.6.x;0
data/win-known/xmvxlxjwdoytrytg.12.x;0
data/win-known/xmzodxtjdittxhlj.9.x;0
data/win-known/xnydxagnwohxuror.9.x;0
data/win-known/xoozbnkdrxgrjtbc.10.x;3
data/win-known/xorncmussqfkodnq.1.x;8
data/win-known/xqijckgxkkamnnat.8.x;14
data/win-known/xqlqfqrmmzmtthmq.12.x;0
data/win-known/xqlylmagywfvpksa.12.x;0
data/win-known/xqnmxohbjgophwsd.3.x;0
data/win-known/xqwlzfzashoblgic.8.x;14
data/win-known/xrxhoauiylndwjps.9.x;0
data/win-known/xsqzsustzljlgzts.12.x;0
data/win-known/xstqdhrvzfrbytqp.9.x;0
data/win-known/xtibiokjhfnlabec.4.x;21
data/win-known/xtveferlwwtqfcct.11.x;1
data/win-known/xuoskzfedbssjrou.9.x;0
data/win-known/xupkyeoxeykgwmyq.11.x;1
data/win-known/xveaxpcrmtryvezp.5.x;0
data/win-known/xvkizhdofjbbuesq.1.x;8
data/win-known/xvrcfxlufkhusngq.9.x;0
data/win-known/xwelvtfaqvuaqmka.10.x;3
data/win-known/xxhmoagcqdytsxfo.9.x;0
data/win-known/xxjaveippsdppynx.7.x;5
data/win-known/xynkwdfnwnhlvvsq.12.x;0
data/win-known/xyucxeftmizvoosb.1.x;8
data/win-known/xyxgagljslpzirrh.1.x;8
data/win-known/xzjixyltygrdfkvc.1.x;8
data/win-known/xztpfahnepfwfpmb.1.x;8
data/win-known/xzxetyrdipnsivbq.12.x;0
data/win-known/yaujffqnnyzxbhll.2.x;0
data/win-known/ybgdnnghhutytoae.1.x;8
data/win-known/ybgdtkdcveapldxs.9.x;0
data/win-known/ybkdkccklfipywwz.9.x;0
data/win-known/ycdsvsodbrphslnv.12.x;0
data/win-known/ycpjouzmbonesgme.6.x;0
data/win-known/ycveircebzstavee.12.x;0
data/win-known/ydbgogsmiljtvnch.6.x;0
data/win-known/ydcizhjkeknmjhfj.9.x;0
data/win-known/ydhsatxhjgytxdhv.8.x;14
data/win-known/ydozspjpeisimffi.6.x;0
data/win-known/ydurssrflwmylzsc.9.x;0
data/win-known/ydycldgjmqqqjufe.12.x;0
data/win-known/yeaspcqyzjnnkbzz.2.x;0
data/win-known/yecjtknnebbuipws.4.x;0
data/win-known/yeuiddltmjyjgzji.12.x;0
data/win-known/yewnerojbkzwmkld.8.x;14
data/win-known/yfnbeaojvzebcujc.10.x;3
data/win-known/yfwhtjwifwrjxmrh.9.x;0
data/win-known/yfwkbxsktgoukjoh.1.x;8
data/win-known/ygfiobztbtbtvyrb.1.x;8
data/win-known/yhbjjdxlnjfwohdk.3.x;0
data/win-known/yhftpvpgvfspkneh.1.x;8
data/win-known/yhlcgiugjwbrawlw.10.x;3
data/win-known/yicmjqhavoevxaju.7.x;5
data/win-known/yiiwfbhpgvalopud.1.x;8
data/win-known/yimmgnodjxlewndq.11.x;1
data/win-known/yizqjtpgwyuprwbz.7.x;5
data/win-known/yjqngzlkwipqaaiz.6.x;0
data/win-known/yjqsutxmxancezbb.12.x;0
data/win-known/ykfybdldfqjuhpkm.2.x;0
data/win-known/ykhjsrylmshaidmh.6.x;0
data/win-known/ykpvgrrplzcnjmzo.8.x;14
data/win-known/ykxqfhwmnzddxzjo.9.x;0
data/win-known/ykyfmpyfzwjrgfek.12.x;0
data/win-known/ykywiypnicuvyglf.9.x;0
data/win-known/ymczdrjhcrpthlck.7.x;5
data/win-known/ymfvskpsuedarnlk.7.x;5
data/win-known/ymxngbpucimneiaz.10.x;3
data/win-known/ymzqeufoxqaaalll.9.x;0
data/win-known/yncpjgtsbrpjmcya.7.x;5
data/win-known/ynxzpjhamkprnjwz.2.x;0
data/win-known/yovcgjzxauveaocx.7.x;5
data/win-known/ypotdizkbppfwtqi.8.x;14
data/win-known/yqdgpdzypoeaiaha.9.x;0
data/win-known/yqhigrorsumpkkpp.7.x;5
data/win-known/yqnncscjssvbhuzp.9.x;0
data/win-known/yqrpwbccejrfiuwz.9.x;0
data/win-known/yrktkzayzqtrhzkd.9.x;0
data/win-known/yrorqhvrveffbpvj.9.x;0
data/win-known/ysbxemygkinpxyhw.5.x;0
data/win-known/ysuaylbbmjmcgsxr.6.x;0
data/win-known/ytajuyezhcajdczq.6.x;0
data/win-known/yucchcxiywepdenq.1.x;8
data/win-known/yudmjgjenhmhgxde.7.x;5
data/win-known/yumlwhjvdvdbowdf.6.x;0
data/win-known/yuxkccgnzypcvgtk.10.x;3
data/win-known/yvbxgilvdzpqeyql.9.x;0
data/win-known/yvomtbodxpleuepn.6.x;0
data/win-known/ywkintcnkdhecury.11.x;1
data/win-known/ywqiyaxhgbycwall.5.x;0
data/win-known/ywrkiuehamcnwawb.1.x;8
data/win-known/ywvgscnewbgnfeqd.2.x;0
data/win-known/ywwzsvsjsmzyunqs.11.x;1
data/win-known/yxapytzyhxrxrwbj.9.x;0
data/win-known/yxlgplfrdqrepljn.5.x;0
data/win-known/yymxvroobxlcgrih.7.x;5
data/win-known/yzbyfohxkynnvgah.6.x;0
data/win-known/yziuzadqjvvotpkg.6.x;0
data/win-known/yzmrogzihxzthifr.12.x;0
data/win-known/zabpfyfuxdvrhgqz.6.x;0
data/win-known/zaizejslfusvohvx.7.x;5
data/win-known/zcdzsbmzzemjwsfl.1.x;8
data/win-known/zcyxqkklezldbfdn.1.x;8
data/win-known/zddcjiotoykuafat.6.x;0
data/win-known/zdplgptsogqnzxuk.9.x;0
data/win-known/zebrdnshcumwrnkq.1.x;8
data/win-known/zeicdqxiogequtst.12.x;0
data/win-known/zerxplspxeqbtswz.8.x;14
data/win-known/zfdukzugcpgkzdpt.11.x;1
data/win-known/zffwlqmdxikqolhl.10.x;3
data/win-known/zfmwrsvemjudgxtv.10.x;3
data/win-known/zfqiduhbzlfwmsgf.9.x;0
data/win-known/zgcjxgckxbomlthf.5.x;0
data/win-known/zggpunddnqncqltb.6.x;0
data/win-known/zghboaetryrhmiyr.6.x;0
data/win-known/zgsgjczxsqeazklf.12.x;0
data/win-known/zguupwktxravkawg.6.x;0
data/win-known/zhavethbngreumxb.6.x;0
data/win-known/zhncmmzvyefrrgrc.7.x;5
data/win-known/zhnozkbotlttznpy.6.x;0
data/win-known/zhsekwcqkcgtmbzl.1.x;8
data/win-known/zhydfcvcwwmpdowc.3.x;0
data/win-known/zinfgyjromjtjjld.12.x;0
data/win-known/zjcmrosoduxusixo.7.x;5
data/win-known/zjonovvtlgejcbkh.4.x;7
data/win-known/zjtvqbtowmmmdhcp.7.x;5
data/win-known/zkgqxzdsmlwpskdd.7.x;5
data/win-known/zkntxdbnbhwmqwkl.12.x;0
data/win-known/zkprkiopoxrhfcgr.11.x;1
data/win-known/zkqnpwdqrtvgysux.3.x;0
data/win-known/zkqzklvrihkitnfs.10.x;3
data/win-known/zkxzfutesszgwqho.6.x;0
data/win-known/zlvsqhhekezrvole.5.x;0
data/win-known/zmncosycpnjieyqf.4.x;11
data/win-known/zmyvxmigynkhtbyj.10.x;3
data/win-known/znmxczxdethukytf.9.x;0
data/win-known/znofocxxijxmvyjz.7.x;5
data/win-known/znokgkhdbareqxou.1.x;8
data/win-known/zpgmgqzxxoxpohil.6.x;0
data/win-known/zpissymkmtzwdkxf.7.x;5
data/win-known/zpvvjjjkjjdlaupa.7.x;5
data/win-known/zqfmnongewcgdxev.9.x;0
data/win-known/zqlnqpafysctupzp.3.x;0
data/win-known/zqrkkuxljnshvtxx.7.x;5
data/win-known/zrdnvnmiuiioxdoe.1.x;8
data/win-known/zrxotdmlxpsfiqqa.1.x;8
data/win-known/zsjmvrqpkhdghnol.9.x;0
data/win-known/zsprksruziksroas.7.x;5
data/win-known/ztlxqtnegaypccjh.1.x;8
data/win-known/ztotcpdtszgolskq.8.x;14
data/win-known/ztskkhdkzjiahgbk.9.x;0
data/win-known/zudhgxzjhnkkbmdb.4.x;0
data/win-known/zudqwppqoykjzsgp.1.x;8
data/win-known/zulwlvhlwzjwqsmb.8.x;14
data/win-known/zvdfffdgtmxrlfzj.1.x;8
data/win-known/zvjxjgcvcjcztgsz.9.x;0
data/win-known/zvlhlthftusdlfjp.9.x;0
data/win-known/zvnhvmcohjirpcak.6.x;0
data/win-known/zwgelcavjtohtzdz.9.x;0
data/win-known/zwlvxskuufqevqxr.4.x;10
data/win-known/zwtqrimemympigep.11.x;1
data/win-known/zxltvhtsrngenppo.6.x;0
data/win-known/zxouyvvsfqfhhgbx.12.x;0
data/win-known/zxycjoiliendcpvi.7.x;5
data/win-known/zyqnuelramdowhmc.9.x;0
data/win-known/zyxkfabbjhqksgta.9.x;0
data/win-known/zyxvuvjbfsfuurkn.2.x;0
